-- Generated SQL inserts for PROSECUTION database
-- Populates tables `client`, `department`, and `user`

INSERT INTO `user` (`uuid`, `fullname`, `tenant_id`, `email`, `firstname`, `lastname`, `deleted`, `inactive`, `created_on`, `modified_on`) VALUES ('bf255bcc-e2db-4d47-8e3e-5b8b7b4f105d', 'Admin Tekip', 'df234305-8a47-4b4d-8efb-716a6b695428', 'admin.tekip@example.com', 'Admin', 'Tekip', 0, 0, '2025-07-09 00:51:06', '2025-07-09 00:51:06');
INSERT INTO `user` (`uuid`, `fullname`, `tenant_id`, `email`, `firstname`, `lastname`, `deleted`, `inactive`, `created_on`, `modified_on`) VALUES ('d2b8d8db-e878-4dd6-8795-8baaae09cea8', 'Kimberly Thomas', 'df234305-8a47-4b4d-8efb-716a6b695428', 'kimberly.thomas@example.com', 'Kimberly', 'Thomas', 0, 0, '2025-07-09 00:51:06', '2025-07-09 00:51:06');
INSERT INTO `user` (`uuid`, `fullname`, `tenant_id`, `email`, `firstname`, `lastname`, `deleted`, `inactive`, `created_on`, `modified_on`) VALUES ('328b6370-3b9d-4822-9611-f7279519cb45', 'Mr. Scott Parsons', 'df234305-8a47-4b4d-8efb-716a6b695428', 'mr..scottparsons@example.com', 'Mr.', 'Scott Parsons', 0, 0, '2025-07-09 00:51:06', '2025-07-09 00:51:06');
INSERT INTO `user` (`uuid`, `fullname`, `tenant_id`, `email`, `firstname`, `lastname`, `deleted`, `inactive`, `created_on`, `modified_on`) VALUES ('3d1044dd-5425-4f1f-8f3f-a5f22381e87d', 'Alyssa Jones', 'df234305-8a47-4b4d-8efb-716a6b695428', 'alyssa.jones@example.com', 'Alyssa', 'Jones', 0, 0, '2025-07-09 00:51:06', '2025-07-09 00:51:06');
INSERT INTO `user` (`uuid`, `fullname`, `tenant_id`, `email`, `firstname`, `lastname`, `deleted`, `inactive`, `created_on`, `modified_on`) VALUES ('143cd351-5cd6-4314-aafd-fd7504e4066a', 'Rebekah Avila', 'df234305-8a47-4b4d-8efb-716a6b695428', 'rebekah.avila@example.com', 'Rebekah', 'Avila', 0, 0, '2025-07-09 00:51:06', '2025-07-09 00:51:06');
INSERT INTO `user` (`uuid`, `fullname`, `tenant_id`, `email`, `firstname`, `lastname`, `deleted`, `inactive`, `created_on`, `modified_on`) VALUES ('4489f9ed-01be-4df6-ad40-4381ea6b35cc', 'Emma King', 'df234305-8a47-4b4d-8efb-716a6b695428', 'emma.king@example.com', 'Emma', 'King', 0, 0, '2025-07-09 00:51:06', '2025-07-09 00:51:06');
INSERT INTO `user` (`uuid`, `fullname`, `tenant_id`, `email`, `firstname`, `lastname`, `deleted`, `inactive`, `created_on`, `modified_on`) VALUES ('61e4f8c9-add1-413a-b4e2-75819f806ad1', 'Alison Keller', 'df234305-8a47-4b4d-8efb-716a6b695428', 'alison.keller@example.com', 'Alison', 'Keller', 0, 0, '2025-07-09 00:51:06', '2025-07-09 00:51:06');
INSERT INTO `user` (`uuid`, `fullname`, `tenant_id`, `email`, `firstname`, `lastname`, `deleted`, `inactive`, `created_on`, `modified_on`) VALUES ('c9846c3f-546e-4491-84e4-a851edb3e3e2', 'Aaron Cole', 'df234305-8a47-4b4d-8efb-716a6b695428', 'aaron.cole@example.com', 'Aaron', 'Cole', 0, 0, '2025-07-09 00:51:06', '2025-07-09 00:51:06');
INSERT INTO `user` (`uuid`, `fullname`, `tenant_id`, `email`, `firstname`, `lastname`, `deleted`, `inactive`, `created_on`, `modified_on`) VALUES ('37103f37-d19c-4440-bc19-d201cb3798d4', 'Amanda Smith', 'df234305-8a47-4b4d-8efb-716a6b695428', 'amanda.smith@example.com', 'Amanda', 'Smith', 0, 0, '2025-07-09 00:51:06', '2025-07-09 00:51:06');
INSERT INTO `user` (`uuid`, `fullname`, `tenant_id`, `email`, `firstname`, `lastname`, `deleted`, `inactive`, `created_on`, `modified_on`) VALUES ('8c479632-6757-42d5-bd41-df99df83629b', 'Brianna Christensen', 'df234305-8a47-4b4d-8efb-716a6b695428', 'brianna.christensen@example.com', 'Brianna', 'Christensen', 0, 0, '2025-07-09 00:51:06', '2025-07-09 00:51:06');
INSERT INTO `user` (`uuid`, `fullname`, `tenant_id`, `email`, `firstname`, `lastname`, `deleted`, `inactive`, `created_on`, `modified_on`) VALUES ('fc8bfadc-1795-44f3-a0e7-8a66f058dd2e', 'Molly Burke', 'df234305-8a47-4b4d-8efb-716a6b695428', 'molly.burke@example.com', 'Molly', 'Burke', 0, 0, '2025-07-09 00:51:06', '2025-07-09 00:51:06');
INSERT INTO `user` (`uuid`, `fullname`, `tenant_id`, `email`, `firstname`, `lastname`, `deleted`, `inactive`, `created_on`, `modified_on`) VALUES ('5d9a70e3-3848-4795-b0c0-32a6fa788e23', 'Morgan Hicks', 'df234305-8a47-4b4d-8efb-716a6b695428', 'morgan.hicks@example.com', 'Morgan', 'Hicks', 0, 0, '2025-07-09 00:51:06', '2025-07-09 00:51:06');
INSERT INTO `user` (`uuid`, `fullname`, `tenant_id`, `email`, `firstname`, `lastname`, `deleted`, `inactive`, `created_on`, `modified_on`) VALUES ('a0a79d4d-88c7-4947-81bb-e217d9a068a7', 'Michelle Martinez', 'df234305-8a47-4b4d-8efb-716a6b695428', 'michelle.martinez@example.com', 'Michelle', 'Martinez', 0, 0, '2025-07-09 00:51:06', '2025-07-09 00:51:06');
INSERT INTO `user` (`uuid`, `fullname`, `tenant_id`, `email`, `firstname`, `lastname`, `deleted`, `inactive`, `created_on`, `modified_on`) VALUES ('60c39f77-c8a4-4901-83cd-f504e9a32dd4', 'Jennifer Cain', 'df234305-8a47-4b4d-8efb-716a6b695428', 'jennifer.cain@example.com', 'Jennifer', 'Cain', 0, 0, '2025-07-09 00:51:06', '2025-07-09 00:51:06');
INSERT INTO `user` (`uuid`, `fullname`, `tenant_id`, `email`, `firstname`, `lastname`, `deleted`, `inactive`, `created_on`, `modified_on`) VALUES ('0c275512-f9a7-42b5-81be-edefda9b7832', 'Donna Edwards', 'df234305-8a47-4b4d-8efb-716a6b695428', 'donna.edwards@example.com', 'Donna', 'Edwards', 0, 0, '2025-07-09 00:51:06', '2025-07-09 00:51:06');
INSERT INTO `user` (`uuid`, `fullname`, `tenant_id`, `email`, `firstname`, `lastname`, `deleted`, `inactive`, `created_on`, `modified_on`) VALUES ('ab9fb38f-e7a5-4187-bfe2-7b22d5060370', 'Matthew Harper', 'df234305-8a47-4b4d-8efb-716a6b695428', 'matthew.harper@example.com', 'Matthew', 'Harper', 0, 0, '2025-07-09 00:51:06', '2025-07-09 00:51:06');
INSERT INTO `user` (`uuid`, `fullname`, `tenant_id`, `email`, `firstname`, `lastname`, `deleted`, `inactive`, `created_on`, `modified_on`) VALUES ('211c7d06-4cf0-4d9b-a018-abfd6345a714', 'Cynthia Sullivan', 'df234305-8a47-4b4d-8efb-716a6b695428', 'cynthia.sullivan@example.com', 'Cynthia', 'Sullivan', 0, 0, '2025-07-09 00:51:06', '2025-07-09 00:51:06');
INSERT INTO `user` (`uuid`, `fullname`, `tenant_id`, `email`, `firstname`, `lastname`, `deleted`, `inactive`, `created_on`, `modified_on`) VALUES ('7f67ae48-8ad7-4ecb-902f-2bf549e74f07', 'Thomas Wiley', 'df234305-8a47-4b4d-8efb-716a6b695428', 'thomas.wiley@example.com', 'Thomas', 'Wiley', 0, 0, '2025-07-09 00:51:06', '2025-07-09 00:51:06');
INSERT INTO `user` (`uuid`, `fullname`, `tenant_id`, `email`, `firstname`, `lastname`, `deleted`, `inactive`, `created_on`, `modified_on`) VALUES ('70ff2857-cf1b-4c9e-9caf-f8ac1f299e7c', 'Tamara Moody', 'df234305-8a47-4b4d-8efb-716a6b695428', 'tamara.moody@example.com', 'Tamara', 'Moody', 0, 0, '2025-07-09 00:51:06', '2025-07-09 00:51:06');
INSERT INTO `user` (`uuid`, `fullname`, `tenant_id`, `email`, `firstname`, `lastname`, `deleted`, `inactive`, `created_on`, `modified_on`) VALUES ('59c9be63-ab2c-46fd-8c40-fd485f19973f', 'Amanda Lane', 'df234305-8a47-4b4d-8efb-716a6b695428', 'amanda.lane@example.com', 'Amanda', 'Lane', 0, 0, '2025-07-09 00:51:06', '2025-07-09 00:51:06');
INSERT INTO `user` (`uuid`, `fullname`, `tenant_id`, `email`, `firstname`, `lastname`, `deleted`, `inactive`, `created_on`, `modified_on`) VALUES ('43dcf699-5231-41f1-8c4f-5c1595d61790', 'Loretta Flores', 'df234305-8a47-4b4d-8efb-716a6b695428', 'loretta.flores@example.com', 'Loretta', 'Flores', 0, 0, '2025-07-09 00:51:06', '2025-07-09 00:51:06');
INSERT INTO `user` (`uuid`, `fullname`, `tenant_id`, `email`, `firstname`, `lastname`, `deleted`, `inactive`, `created_on`, `modified_on`) VALUES ('370617e6-d168-41fd-a385-ea420f50ec12', 'Karen Edwards', 'df234305-8a47-4b4d-8efb-716a6b695428', 'karen.edwards@example.com', 'Karen', 'Edwards', 0, 0, '2025-07-09 00:51:06', '2025-07-09 00:51:06');
INSERT INTO `user` (`uuid`, `fullname`, `tenant_id`, `email`, `firstname`, `lastname`, `deleted`, `inactive`, `created_on`, `modified_on`) VALUES ('19d6f941-b4a7-403d-8c02-cd5d7809475c', 'Jose Santos', 'df234305-8a47-4b4d-8efb-716a6b695428', 'jose.santos@example.com', 'Jose', 'Santos', 0, 0, '2025-07-09 00:51:06', '2025-07-09 00:51:06');
INSERT INTO `user` (`uuid`, `fullname`, `tenant_id`, `email`, `firstname`, `lastname`, `deleted`, `inactive`, `created_on`, `modified_on`) VALUES ('0713954b-8d12-4e90-9c54-4b9bda0d9c82', 'Alicia Lopez', 'df234305-8a47-4b4d-8efb-716a6b695428', 'alicia.lopez@example.com', 'Alicia', 'Lopez', 0, 0, '2025-07-09 00:51:06', '2025-07-09 00:51:06');
INSERT INTO `user` (`uuid`, `fullname`, `tenant_id`, `email`, `firstname`, `lastname`, `deleted`, `inactive`, `created_on`, `modified_on`) VALUES ('dd233958-288b-4b02-9898-ba7079fd135e', 'Karen Stevens', 'df234305-8a47-4b4d-8efb-716a6b695428', 'karen.stevens@example.com', 'Karen', 'Stevens', 0, 0, '2025-07-09 00:51:06', '2025-07-09 00:51:06');
INSERT INTO `user` (`uuid`, `fullname`, `tenant_id`, `email`, `firstname`, `lastname`, `deleted`, `inactive`, `created_on`, `modified_on`) VALUES ('afdeeaad-484c-4709-9bf1-f02f14d623bb', 'Kelsey Hernandez', 'df234305-8a47-4b4d-8efb-716a6b695428', 'kelsey.hernandez@example.com', 'Kelsey', 'Hernandez', 0, 0, '2025-07-09 00:51:06', '2025-07-09 00:51:06');
INSERT INTO `user` (`uuid`, `fullname`, `tenant_id`, `email`, `firstname`, `lastname`, `deleted`, `inactive`, `created_on`, `modified_on`) VALUES ('b2157bd6-f18b-40a4-a5d9-d7aa64cae523', 'Christopher Reed', 'df234305-8a47-4b4d-8efb-716a6b695428', 'christopher.reed@example.com', 'Christopher', 'Reed', 0, 0, '2025-07-09 00:51:06', '2025-07-09 00:51:06');
INSERT INTO `user` (`uuid`, `fullname`, `tenant_id`, `email`, `firstname`, `lastname`, `deleted`, `inactive`, `created_on`, `modified_on`) VALUES ('e1c448d2-5767-4858-9d9a-988047fdb3ef', 'Tammy Moyer', 'df234305-8a47-4b4d-8efb-716a6b695428', 'tammy.moyer@example.com', 'Tammy', 'Moyer', 0, 0, '2025-07-09 00:51:06', '2025-07-09 00:51:06');
INSERT INTO `user` (`uuid`, `fullname`, `tenant_id`, `email`, `firstname`, `lastname`, `deleted`, `inactive`, `created_on`, `modified_on`) VALUES ('61e2fd2d-47ec-4bdf-b018-c2f165685942', 'Carolyn Love', 'df234305-8a47-4b4d-8efb-716a6b695428', 'carolyn.love@example.com', 'Carolyn', 'Love', 0, 0, '2025-07-09 00:51:06', '2025-07-09 00:51:06');
INSERT INTO `user` (`uuid`, `fullname`, `tenant_id`, `email`, `firstname`, `lastname`, `deleted`, `inactive`, `created_on`, `modified_on`) VALUES ('2ab8e487-ff4a-4857-bb0f-5f6154ac230a', 'Gary Lopez', 'df234305-8a47-4b4d-8efb-716a6b695428', 'gary.lopez@example.com', 'Gary', 'Lopez', 0, 0, '2025-07-09 00:51:06', '2025-07-09 00:51:06');
INSERT INTO `user` (`uuid`, `fullname`, `tenant_id`, `email`, `firstname`, `lastname`, `deleted`, `inactive`, `created_on`, `modified_on`) VALUES ('ec4944c3-2e2a-4633-85ec-e589d230ed7c', 'Kyle Anderson', 'df234305-8a47-4b4d-8efb-716a6b695428', 'kyle.anderson@example.com', 'Kyle', 'Anderson', 0, 0, '2025-07-09 00:51:06', '2025-07-09 00:51:06');
INSERT INTO `user` (`uuid`, `fullname`, `tenant_id`, `email`, `firstname`, `lastname`, `deleted`, `inactive`, `created_on`, `modified_on`) VALUES ('8d7042b2-3e79-491d-834a-744e578e75c6', 'Natalie Reed', 'df234305-8a47-4b4d-8efb-716a6b695428', 'natalie.reed@example.com', 'Natalie', 'Reed', 0, 0, '2025-07-09 00:51:06', '2025-07-09 00:51:06');
INSERT INTO `user` (`uuid`, `fullname`, `tenant_id`, `email`, `firstname`, `lastname`, `deleted`, `inactive`, `created_on`, `modified_on`) VALUES ('f188dee4-67b5-4578-965e-f7b61c5496ed', 'Shaun Gonzalez', 'df234305-8a47-4b4d-8efb-716a6b695428', 'shaun.gonzalez@example.com', 'Shaun', 'Gonzalez', 0, 0, '2025-07-09 00:51:06', '2025-07-09 00:51:06');
INSERT INTO `user` (`uuid`, `fullname`, `tenant_id`, `email`, `firstname`, `lastname`, `deleted`, `inactive`, `created_on`, `modified_on`) VALUES ('3d95c308-49a9-4848-b5ff-7eadb753b570', 'Javier Everett', 'df234305-8a47-4b4d-8efb-716a6b695428', 'javier.everett@example.com', 'Javier', 'Everett', 0, 0, '2025-07-09 00:51:06', '2025-07-09 00:51:06');
INSERT INTO `user` (`uuid`, `fullname`, `tenant_id`, `email`, `firstname`, `lastname`, `deleted`, `inactive`, `created_on`, `modified_on`) VALUES ('222bdb85-c235-4ad4-89c7-1fd7c3a5e90d', 'Charlotte Wells', 'df234305-8a47-4b4d-8efb-716a6b695428', 'charlotte.wells@example.com', 'Charlotte', 'Wells', 0, 0, '2025-07-09 00:51:06', '2025-07-09 00:51:06');
INSERT INTO `user` (`uuid`, `fullname`, `tenant_id`, `email`, `firstname`, `lastname`, `deleted`, `inactive`, `created_on`, `modified_on`) VALUES ('3be0d60e-6d6d-419f-80c9-c4eb5b3d19d9', 'Shawn Medina', 'df234305-8a47-4b4d-8efb-716a6b695428', 'shawn.medina@example.com', 'Shawn', 'Medina', 0, 0, '2025-07-09 00:51:06', '2025-07-09 00:51:06');
INSERT INTO `user` (`uuid`, `fullname`, `tenant_id`, `email`, `firstname`, `lastname`, `deleted`, `inactive`, `created_on`, `modified_on`) VALUES ('8e8a0d7a-8d9f-412a-a2b4-242c8d13c9db', 'Daniel Reyes', 'df234305-8a47-4b4d-8efb-716a6b695428', 'daniel.reyes@example.com', 'Daniel', 'Reyes', 0, 0, '2025-07-09 00:51:06', '2025-07-09 00:51:06');
INSERT INTO `user` (`uuid`, `fullname`, `tenant_id`, `email`, `firstname`, `lastname`, `deleted`, `inactive`, `created_on`, `modified_on`) VALUES ('c2c222c6-ef30-430c-8460-7a59fa66936b', 'Timothy Hines', 'df234305-8a47-4b4d-8efb-716a6b695428', 'timothy.hines@example.com', 'Timothy', 'Hines', 0, 0, '2025-07-09 00:51:06', '2025-07-09 00:51:06');
INSERT INTO `user` (`uuid`, `fullname`, `tenant_id`, `email`, `firstname`, `lastname`, `deleted`, `inactive`, `created_on`, `modified_on`) VALUES ('02b57e0c-f3de-4713-95fc-80a7640f8e5d', 'Brian Hamilton', 'df234305-8a47-4b4d-8efb-716a6b695428', 'brian.hamilton@example.com', 'Brian', 'Hamilton', 0, 0, '2025-07-09 00:51:06', '2025-07-09 00:51:06');
INSERT INTO `user` (`uuid`, `fullname`, `tenant_id`, `email`, `firstname`, `lastname`, `deleted`, `inactive`, `created_on`, `modified_on`) VALUES ('58c4926f-58ff-4874-95a8-1d27180a54a4', 'Kenneth Savage', 'df234305-8a47-4b4d-8efb-716a6b695428', 'kenneth.savage@example.com', 'Kenneth', 'Savage', 0, 0, '2025-07-09 00:51:06', '2025-07-09 00:51:06');
INSERT INTO `user` (`uuid`, `fullname`, `tenant_id`, `email`, `firstname`, `lastname`, `deleted`, `inactive`, `created_on`, `modified_on`) VALUES ('42ca1a07-a26a-42ae-9847-9f5fc072bf40', 'Allison Ross', 'df234305-8a47-4b4d-8efb-716a6b695428', 'allison.ross@example.com', 'Allison', 'Ross', 0, 0, '2025-07-09 00:51:06', '2025-07-09 00:51:06');
INSERT INTO `user` (`uuid`, `fullname`, `tenant_id`, `email`, `firstname`, `lastname`, `deleted`, `inactive`, `created_on`, `modified_on`) VALUES ('bf2e87dd-a8b2-4a2d-bad4-93159b7d5e33', 'Alex Curtis', 'df234305-8a47-4b4d-8efb-716a6b695428', 'alex.curtis@example.com', 'Alex', 'Curtis', 0, 0, '2025-07-09 00:51:06', '2025-07-09 00:51:06');
INSERT INTO `user` (`uuid`, `fullname`, `tenant_id`, `email`, `firstname`, `lastname`, `deleted`, `inactive`, `created_on`, `modified_on`) VALUES ('159a77f5-46f2-4063-92b5-129e169bd042', 'Sean Kramer', 'df234305-8a47-4b4d-8efb-716a6b695428', 'sean.kramer@example.com', 'Sean', 'Kramer', 0, 0, '2025-07-09 00:51:06', '2025-07-09 00:51:06');
INSERT INTO `user` (`uuid`, `fullname`, `tenant_id`, `email`, `firstname`, `lastname`, `deleted`, `inactive`, `created_on`, `modified_on`) VALUES ('8efb01d2-13f1-4bd6-bfc1-b63555c53ea4', 'Paige Robinson', 'df234305-8a47-4b4d-8efb-716a6b695428', 'paige.robinson@example.com', 'Paige', 'Robinson', 0, 0, '2025-07-09 00:51:06', '2025-07-09 00:51:06');
INSERT INTO `user` (`uuid`, `fullname`, `tenant_id`, `email`, `firstname`, `lastname`, `deleted`, `inactive`, `created_on`, `modified_on`) VALUES ('008b22aa-36f0-462c-bc5b-0e63d84d04dc', 'Lauren Craig', 'df234305-8a47-4b4d-8efb-716a6b695428', 'lauren.craig@example.com', 'Lauren', 'Craig', 0, 0, '2025-07-09 00:51:06', '2025-07-09 00:51:06');
INSERT INTO `user` (`uuid`, `fullname`, `tenant_id`, `email`, `firstname`, `lastname`, `deleted`, `inactive`, `created_on`, `modified_on`) VALUES ('d72d17bb-8da1-46eb-a5f1-2c44e81113ea', 'Philip Jones', 'df234305-8a47-4b4d-8efb-716a6b695428', 'philip.jones@example.com', 'Philip', 'Jones', 0, 0, '2025-07-09 00:51:06', '2025-07-09 00:51:06');
INSERT INTO `user` (`uuid`, `fullname`, `tenant_id`, `email`, `firstname`, `lastname`, `deleted`, `inactive`, `created_on`, `modified_on`) VALUES ('9d0d23fb-0ff0-4337-84c8-ece4569ebb4a', 'Duane Harris', 'df234305-8a47-4b4d-8efb-716a6b695428', 'duane.harris@example.com', 'Duane', 'Harris', 0, 0, '2025-07-09 00:51:06', '2025-07-09 00:51:06');
INSERT INTO `user` (`uuid`, `fullname`, `tenant_id`, `email`, `firstname`, `lastname`, `deleted`, `inactive`, `created_on`, `modified_on`) VALUES ('14f8b072-e0c2-411f-8169-a9351b205f91', 'Justin Franklin', 'df234305-8a47-4b4d-8efb-716a6b695428', 'justin.franklin@example.com', 'Justin', 'Franklin', 0, 0, '2025-07-09 00:51:06', '2025-07-09 00:51:06');
INSERT INTO `user` (`uuid`, `fullname`, `tenant_id`, `email`, `firstname`, `lastname`, `deleted`, `inactive`, `created_on`, `modified_on`) VALUES ('5273273f-11cc-4959-b7ac-3ef4e6e179ad', 'Sarah Johnson', 'df234305-8a47-4b4d-8efb-716a6b695428', 'sarah.johnson@example.com', 'Sarah', 'Johnson', 0, 0, '2025-07-09 00:51:06', '2025-07-09 00:51:06');
INSERT INTO `user` (`uuid`, `fullname`, `tenant_id`, `email`, `firstname`, `lastname`, `deleted`, `inactive`, `created_on`, `modified_on`) VALUES ('41db84ed-5a34-48c3-a064-17999267ca66', 'Nathaniel Rogers', 'df234305-8a47-4b4d-8efb-716a6b695428', 'nathaniel.rogers@example.com', 'Nathaniel', 'Rogers', 0, 0, '2025-07-09 00:51:06', '2025-07-09 00:51:06');
INSERT INTO `user` (`uuid`, `fullname`, `tenant_id`, `email`, `firstname`, `lastname`, `deleted`, `inactive`, `created_on`, `modified_on`) VALUES ('13b4737c-cfa0-4d13-a356-8d2f98de5b01', 'Christopher Taylor', 'df234305-8a47-4b4d-8efb-716a6b695428', 'christopher.taylor@example.com', 'Christopher', 'Taylor', 0, 0, '2025-07-09 00:51:06', '2025-07-09 00:51:06');
INSERT INTO `user` (`uuid`, `fullname`, `tenant_id`, `email`, `firstname`, `lastname`, `deleted`, `inactive`, `created_on`, `modified_on`) VALUES ('8c06f1f5-966e-467b-be01-4a77052dcefd', 'Alexis Moore', 'df234305-8a47-4b4d-8efb-716a6b695428', 'alexis.moore@example.com', 'Alexis', 'Moore', 0, 0, '2025-07-09 00:51:06', '2025-07-09 00:51:06');
INSERT INTO `user` (`uuid`, `fullname`, `tenant_id`, `email`, `firstname`, `lastname`, `deleted`, `inactive`, `created_on`, `modified_on`) VALUES ('27f97c5f-92a3-4474-8025-4d7279e168ca', 'Jessica Ruiz', 'df234305-8a47-4b4d-8efb-716a6b695428', 'jessica.ruiz@example.com', 'Jessica', 'Ruiz', 0, 0, '2025-07-09 00:51:06', '2025-07-09 00:51:06');
INSERT INTO `user` (`uuid`, `fullname`, `tenant_id`, `email`, `firstname`, `lastname`, `deleted`, `inactive`, `created_on`, `modified_on`) VALUES ('cbf70231-1474-4bde-8b7b-b6f40fabbb56', 'Matthew Adams', 'df234305-8a47-4b4d-8efb-716a6b695428', 'matthew.adams@example.com', 'Matthew', 'Adams', 0, 0, '2025-07-09 00:51:06', '2025-07-09 00:51:06');
INSERT INTO `user` (`uuid`, `fullname`, `tenant_id`, `email`, `firstname`, `lastname`, `deleted`, `inactive`, `created_on`, `modified_on`) VALUES ('3d4691fc-2bef-4991-b765-44edc96b70d4', 'Teresa Martinez', 'df234305-8a47-4b4d-8efb-716a6b695428', 'teresa.martinez@example.com', 'Teresa', 'Martinez', 0, 0, '2025-07-09 00:51:06', '2025-07-09 00:51:06');
INSERT INTO `user` (`uuid`, `fullname`, `tenant_id`, `email`, `firstname`, `lastname`, `deleted`, `inactive`, `created_on`, `modified_on`) VALUES ('b1fa3ebe-d66c-4cb7-980b-8440ddb9b14b', 'Tracy Perry', 'df234305-8a47-4b4d-8efb-716a6b695428', 'tracy.perry@example.com', 'Tracy', 'Perry', 0, 0, '2025-07-09 00:51:06', '2025-07-09 00:51:06');
INSERT INTO `user` (`uuid`, `fullname`, `tenant_id`, `email`, `firstname`, `lastname`, `deleted`, `inactive`, `created_on`, `modified_on`) VALUES ('d2ee58e0-6f5c-4ee2-a04d-4a1788814459', 'Annette Oconnell', 'df234305-8a47-4b4d-8efb-716a6b695428', 'annette.oconnell@example.com', 'Annette', 'Oconnell', 0, 0, '2025-07-09 00:51:06', '2025-07-09 00:51:06');
INSERT INTO `user` (`uuid`, `fullname`, `tenant_id`, `email`, `firstname`, `lastname`, `deleted`, `inactive`, `created_on`, `modified_on`) VALUES ('a0ea1c9b-6df9-463d-a9f3-8b69ee335c09', 'Kurt Stephens', 'df234305-8a47-4b4d-8efb-716a6b695428', 'kurt.stephens@example.com', 'Kurt', 'Stephens', 0, 0, '2025-07-09 00:51:06', '2025-07-09 00:51:06');
INSERT INTO `user` (`uuid`, `fullname`, `tenant_id`, `email`, `firstname`, `lastname`, `deleted`, `inactive`, `created_on`, `modified_on`) VALUES ('9e08ed5c-109e-4c24-a645-716474b3dc08', 'Deborah Khan', 'df234305-8a47-4b4d-8efb-716a6b695428', 'deborah.khan@example.com', 'Deborah', 'Khan', 0, 0, '2025-07-09 00:51:06', '2025-07-09 00:51:06');
INSERT INTO `user` (`uuid`, `fullname`, `tenant_id`, `email`, `firstname`, `lastname`, `deleted`, `inactive`, `created_on`, `modified_on`) VALUES ('8b9eca6e-b11b-4bed-9e05-2580fe519cec', 'Brandi Russell', 'df234305-8a47-4b4d-8efb-716a6b695428', 'brandi.russell@example.com', 'Brandi', 'Russell', 0, 0, '2025-07-09 00:51:06', '2025-07-09 00:51:06');
INSERT INTO `user` (`uuid`, `fullname`, `tenant_id`, `email`, `firstname`, `lastname`, `deleted`, `inactive`, `created_on`, `modified_on`) VALUES ('c306af5e-2ca3-43e9-b5b8-518293dd55fa', 'Jamie Wolf', 'df234305-8a47-4b4d-8efb-716a6b695428', 'jamie.wolf@example.com', 'Jamie', 'Wolf', 0, 0, '2025-07-09 00:51:06', '2025-07-09 00:51:06');
INSERT INTO `user` (`uuid`, `fullname`, `tenant_id`, `email`, `firstname`, `lastname`, `deleted`, `inactive`, `created_on`, `modified_on`) VALUES ('f2e81c12-a840-4c0b-bb1c-4ee6a73b53d7', 'Erica Vaughn', 'df234305-8a47-4b4d-8efb-716a6b695428', 'erica.vaughn@example.com', 'Erica', 'Vaughn', 0, 0, '2025-07-09 00:51:06', '2025-07-09 00:51:06');
INSERT INTO `user` (`uuid`, `fullname`, `tenant_id`, `email`, `firstname`, `lastname`, `deleted`, `inactive`, `created_on`, `modified_on`) VALUES ('53ad36e1-f8e1-4fc8-9e92-b16c95675aae', 'Kathleen Vazquez', 'df234305-8a47-4b4d-8efb-716a6b695428', 'kathleen.vazquez@example.com', 'Kathleen', 'Vazquez', 0, 0, '2025-07-09 00:51:06', '2025-07-09 00:51:06');
INSERT INTO `user` (`uuid`, `fullname`, `tenant_id`, `email`, `firstname`, `lastname`, `deleted`, `inactive`, `created_on`, `modified_on`) VALUES ('604d0d9b-b180-402f-8bb2-c3455569d63b', 'Edgar Francis', 'df234305-8a47-4b4d-8efb-716a6b695428', 'edgar.francis@example.com', 'Edgar', 'Francis', 0, 0, '2025-07-09 00:51:06', '2025-07-09 00:51:06');
INSERT INTO `user` (`uuid`, `fullname`, `tenant_id`, `email`, `firstname`, `lastname`, `deleted`, `inactive`, `created_on`, `modified_on`) VALUES ('58d01c07-7f7e-4808-b649-4900ff2ea67f', 'Tiffany Contreras', 'df234305-8a47-4b4d-8efb-716a6b695428', 'tiffany.contreras@example.com', 'Tiffany', 'Contreras', 0, 0, '2025-07-09 00:51:06', '2025-07-09 00:51:06');
INSERT INTO `user` (`uuid`, `fullname`, `tenant_id`, `email`, `firstname`, `lastname`, `deleted`, `inactive`, `created_on`, `modified_on`) VALUES ('1e13bc4b-0c1d-419e-81f5-aa121a776250', 'Andrew Fisher', 'df234305-8a47-4b4d-8efb-716a6b695428', 'andrew.fisher@example.com', 'Andrew', 'Fisher', 0, 0, '2025-07-09 00:51:06', '2025-07-09 00:51:06');
INSERT INTO `user` (`uuid`, `fullname`, `tenant_id`, `email`, `firstname`, `lastname`, `deleted`, `inactive`, `created_on`, `modified_on`) VALUES ('fb2db98e-3cee-499f-a738-7f42539e6038', 'Cheryl Baker', 'df234305-8a47-4b4d-8efb-716a6b695428', 'cheryl.baker@example.com', 'Cheryl', 'Baker', 0, 0, '2025-07-09 00:51:06', '2025-07-09 00:51:06');
INSERT INTO `user` (`uuid`, `fullname`, `tenant_id`, `email`, `firstname`, `lastname`, `deleted`, `inactive`, `created_on`, `modified_on`) VALUES ('1b7fc899-f40d-4b91-a903-74742d8b8677', 'Carolyn Richards', 'df234305-8a47-4b4d-8efb-716a6b695428', 'carolyn.richards@example.com', 'Carolyn', 'Richards', 0, 0, '2025-07-09 00:51:06', '2025-07-09 00:51:06');
INSERT INTO `user` (`uuid`, `fullname`, `tenant_id`, `email`, `firstname`, `lastname`, `deleted`, `inactive`, `created_on`, `modified_on`) VALUES ('06d2405d-709a-4ce1-8148-87e2d53f5d87', 'Christina Stewart', 'df234305-8a47-4b4d-8efb-716a6b695428', 'christina.stewart@example.com', 'Christina', 'Stewart', 0, 0, '2025-07-09 00:51:06', '2025-07-09 00:51:06');
INSERT INTO `user` (`uuid`, `fullname`, `tenant_id`, `email`, `firstname`, `lastname`, `deleted`, `inactive`, `created_on`, `modified_on`) VALUES ('c2eb98db-0515-435a-906f-888248c49a4b', 'Mrs. Amber Moran MD', 'df234305-8a47-4b4d-8efb-716a6b695428', 'mrs..ambermoranmd@example.com', 'Mrs.', 'Amber Moran MD', 0, 0, '2025-07-09 00:51:06', '2025-07-09 00:51:06');
INSERT INTO `user` (`uuid`, `fullname`, `tenant_id`, `email`, `firstname`, `lastname`, `deleted`, `inactive`, `created_on`, `modified_on`) VALUES ('c1290fd7-affb-4044-8fda-2746aaf5f8e9', 'Joseph Duncan', 'df234305-8a47-4b4d-8efb-716a6b695428', 'joseph.duncan@example.com', 'Joseph', 'Duncan', 0, 0, '2025-07-09 00:51:06', '2025-07-09 00:51:06');
INSERT INTO `user` (`uuid`, `fullname`, `tenant_id`, `email`, `firstname`, `lastname`, `deleted`, `inactive`, `created_on`, `modified_on`) VALUES ('21ab96a2-3afb-4728-bdb4-2ed4f19f6bd3', 'Alicia Montoya', 'df234305-8a47-4b4d-8efb-716a6b695428', 'alicia.montoya@example.com', 'Alicia', 'Montoya', 0, 0, '2025-07-09 00:51:06', '2025-07-09 00:51:06');
INSERT INTO `user` (`uuid`, `fullname`, `tenant_id`, `email`, `firstname`, `lastname`, `deleted`, `inactive`, `created_on`, `modified_on`) VALUES ('e4ee083e-47b7-49a7-bedb-7e9b4423caac', 'Dominique Taylor', 'df234305-8a47-4b4d-8efb-716a6b695428', 'dominique.taylor@example.com', 'Dominique', 'Taylor', 0, 0, '2025-07-09 00:51:06', '2025-07-09 00:51:06');
INSERT INTO `user` (`uuid`, `fullname`, `tenant_id`, `email`, `firstname`, `lastname`, `deleted`, `inactive`, `created_on`, `modified_on`) VALUES ('f506644f-e7ba-485b-9e7e-13f1e635b843', 'James Smith', 'df234305-8a47-4b4d-8efb-716a6b695428', 'james.smith@example.com', 'James', 'Smith', 0, 0, '2025-07-09 00:51:06', '2025-07-09 00:51:06');
INSERT INTO `user` (`uuid`, `fullname`, `tenant_id`, `email`, `firstname`, `lastname`, `deleted`, `inactive`, `created_on`, `modified_on`) VALUES ('5fa9af6b-7718-4266-a141-e6e79bbb5f47', 'Lisa Villanueva', 'df234305-8a47-4b4d-8efb-716a6b695428', 'lisa.villanueva@example.com', 'Lisa', 'Villanueva', 0, 0, '2025-07-09 00:51:06', '2025-07-09 00:51:06');
INSERT INTO `user` (`uuid`, `fullname`, `tenant_id`, `email`, `firstname`, `lastname`, `deleted`, `inactive`, `created_on`, `modified_on`) VALUES ('003ceb3a-6b34-4270-a896-d2b78af726b9', 'Zachary Jones', 'df234305-8a47-4b4d-8efb-716a6b695428', 'zachary.jones@example.com', 'Zachary', 'Jones', 0, 0, '2025-07-09 00:51:06', '2025-07-09 00:51:06');
INSERT INTO `user` (`uuid`, `fullname`, `tenant_id`, `email`, `firstname`, `lastname`, `deleted`, `inactive`, `created_on`, `modified_on`) VALUES ('d9382fb3-409e-409d-babf-eb1d15605985', 'Gregory Miller', 'df234305-8a47-4b4d-8efb-716a6b695428', 'gregory.miller@example.com', 'Gregory', 'Miller', 0, 0, '2025-07-09 00:51:06', '2025-07-09 00:51:06');
INSERT INTO `user` (`uuid`, `fullname`, `tenant_id`, `email`, `firstname`, `lastname`, `deleted`, `inactive`, `created_on`, `modified_on`) VALUES ('a161a34a-e97b-4223-a293-a9cd68c7ca28', 'Kelly Hall', 'df234305-8a47-4b4d-8efb-716a6b695428', 'kelly.hall@example.com', 'Kelly', 'Hall', 0, 0, '2025-07-09 00:51:06', '2025-07-09 00:51:06');
INSERT INTO `user` (`uuid`, `fullname`, `tenant_id`, `email`, `firstname`, `lastname`, `deleted`, `inactive`, `created_on`, `modified_on`) VALUES ('4ee1c540-221a-420c-9a0d-730486222fec', 'Briana Mcpherson', 'df234305-8a47-4b4d-8efb-716a6b695428', 'briana.mcpherson@example.com', 'Briana', 'Mcpherson', 0, 0, '2025-07-09 00:51:06', '2025-07-09 00:51:06');
INSERT INTO `user` (`uuid`, `fullname`, `tenant_id`, `email`, `firstname`, `lastname`, `deleted`, `inactive`, `created_on`, `modified_on`) VALUES ('8ac6e1e1-5e40-4184-b16e-467c6bc6a82f', 'Dawn Simon', 'df234305-8a47-4b4d-8efb-716a6b695428', 'dawn.simon@example.com', 'Dawn', 'Simon', 0, 0, '2025-07-09 00:51:06', '2025-07-09 00:51:06');
INSERT INTO `user` (`uuid`, `fullname`, `tenant_id`, `email`, `firstname`, `lastname`, `deleted`, `inactive`, `created_on`, `modified_on`) VALUES ('745618b2-542e-4c61-9d4c-469eae4e95f0', 'Nicholas Davis', 'df234305-8a47-4b4d-8efb-716a6b695428', 'nicholas.davis@example.com', 'Nicholas', 'Davis', 0, 0, '2025-07-09 00:51:06', '2025-07-09 00:51:06');
INSERT INTO `user` (`uuid`, `fullname`, `tenant_id`, `email`, `firstname`, `lastname`, `deleted`, `inactive`, `created_on`, `modified_on`) VALUES ('44d6a9e7-23ee-4fc9-a0d0-cf6e77719656', 'David Cantu', 'df234305-8a47-4b4d-8efb-716a6b695428', 'david.cantu@example.com', 'David', 'Cantu', 0, 0, '2025-07-09 00:51:06', '2025-07-09 00:51:06');
INSERT INTO `user` (`uuid`, `fullname`, `tenant_id`, `email`, `firstname`, `lastname`, `deleted`, `inactive`, `created_on`, `modified_on`) VALUES ('eb8a41f0-9f9b-463c-84b6-f42076bc8509', 'Mark Rivera', 'df234305-8a47-4b4d-8efb-716a6b695428', 'mark.rivera@example.com', 'Mark', 'Rivera', 0, 0, '2025-07-09 00:51:06', '2025-07-09 00:51:06');
INSERT INTO `user` (`uuid`, `fullname`, `tenant_id`, `email`, `firstname`, `lastname`, `deleted`, `inactive`, `created_on`, `modified_on`) VALUES ('1d74c8ee-d214-4e0b-b477-254e73c7e830', 'Edward Smith', 'df234305-8a47-4b4d-8efb-716a6b695428', 'edward.smith@example.com', 'Edward', 'Smith', 0, 0, '2025-07-09 00:51:06', '2025-07-09 00:51:06');
INSERT INTO `user` (`uuid`, `fullname`, `tenant_id`, `email`, `firstname`, `lastname`, `deleted`, `inactive`, `created_on`, `modified_on`) VALUES ('2f74e0f8-951d-4531-b837-c4beb06fb924', 'John Ortega', 'df234305-8a47-4b4d-8efb-716a6b695428', 'john.ortega@example.com', 'John', 'Ortega', 0, 0, '2025-07-09 00:51:06', '2025-07-09 00:51:06');
INSERT INTO `user` (`uuid`, `fullname`, `tenant_id`, `email`, `firstname`, `lastname`, `deleted`, `inactive`, `created_on`, `modified_on`) VALUES ('85e94cf3-f386-4148-8a72-0f6d53b76ad9', 'Jonathan Mullen', 'df234305-8a47-4b4d-8efb-716a6b695428', 'jonathan.mullen@example.com', 'Jonathan', 'Mullen', 0, 0, '2025-07-09 00:51:06', '2025-07-09 00:51:06');
INSERT INTO `user` (`uuid`, `fullname`, `tenant_id`, `email`, `firstname`, `lastname`, `deleted`, `inactive`, `created_on`, `modified_on`) VALUES ('0c22b9fb-1418-47e5-8187-f5eadf66f265', 'Mike Collins', 'df234305-8a47-4b4d-8efb-716a6b695428', 'mike.collins@example.com', 'Mike', 'Collins', 0, 0, '2025-07-09 00:51:06', '2025-07-09 00:51:06');
INSERT INTO `user` (`uuid`, `fullname`, `tenant_id`, `email`, `firstname`, `lastname`, `deleted`, `inactive`, `created_on`, `modified_on`) VALUES ('3a68e5e2-7c76-4e5b-b3ea-22cbf6654d34', 'Dana Hammond', 'df234305-8a47-4b4d-8efb-716a6b695428', 'dana.hammond@example.com', 'Dana', 'Hammond', 0, 0, '2025-07-09 00:51:06', '2025-07-09 00:51:06');
INSERT INTO `user` (`uuid`, `fullname`, `tenant_id`, `email`, `firstname`, `lastname`, `deleted`, `inactive`, `created_on`, `modified_on`) VALUES ('9b6c8540-86e1-4c30-a10b-ff6d4ed0a343', 'James Lopez', 'df234305-8a47-4b4d-8efb-716a6b695428', 'james.lopez@example.com', 'James', 'Lopez', 0, 0, '2025-07-09 00:51:06', '2025-07-09 00:51:06');
INSERT INTO `user` (`uuid`, `fullname`, `tenant_id`, `email`, `firstname`, `lastname`, `deleted`, `inactive`, `created_on`, `modified_on`) VALUES ('6de96a3f-f8ec-4608-af5f-f4efc616fa35', 'Holly Gomez', 'df234305-8a47-4b4d-8efb-716a6b695428', 'holly.gomez@example.com', 'Holly', 'Gomez', 0, 0, '2025-07-09 00:51:06', '2025-07-09 00:51:06');
INSERT INTO `user` (`uuid`, `fullname`, `tenant_id`, `email`, `firstname`, `lastname`, `deleted`, `inactive`, `created_on`, `modified_on`) VALUES ('c40e7685-65d1-49d3-846e-f1921d78a853', 'Peter Smith', 'df234305-8a47-4b4d-8efb-716a6b695428', 'peter.smith@example.com', 'Peter', 'Smith', 0, 0, '2025-07-09 00:51:06', '2025-07-09 00:51:06');
INSERT INTO `user` (`uuid`, `fullname`, `tenant_id`, `email`, `firstname`, `lastname`, `deleted`, `inactive`, `created_on`, `modified_on`) VALUES ('ac7ccfd7-a774-480e-b865-1dc0d1374afc', 'Mark Ramos', 'df234305-8a47-4b4d-8efb-716a6b695428', 'mark.ramos@example.com', 'Mark', 'Ramos', 0, 0, '2025-07-09 00:51:06', '2025-07-09 00:51:06');
INSERT INTO `user` (`uuid`, `fullname`, `tenant_id`, `email`, `firstname`, `lastname`, `deleted`, `inactive`, `created_on`, `modified_on`) VALUES ('d3a863e8-5ced-421c-86f7-3ed6ae38486b', 'Miranda Dixon', 'df234305-8a47-4b4d-8efb-716a6b695428', 'miranda.dixon@example.com', 'Miranda', 'Dixon', 0, 0, '2025-07-09 00:51:06', '2025-07-09 00:51:06');
INSERT INTO `user` (`uuid`, `fullname`, `tenant_id`, `email`, `firstname`, `lastname`, `deleted`, `inactive`, `created_on`, `modified_on`) VALUES ('2dc8d5b4-5e1f-43d1-9b9c-e21292c57ae0', 'Allison Garza', 'df234305-8a47-4b4d-8efb-716a6b695428', 'allison.garza@example.com', 'Allison', 'Garza', 0, 0, '2025-07-09 00:51:06', '2025-07-09 00:51:06');
INSERT INTO `user` (`uuid`, `fullname`, `tenant_id`, `email`, `firstname`, `lastname`, `deleted`, `inactive`, `created_on`, `modified_on`) VALUES ('ef9cac52-ff50-4423-8c00-c4c03b14e90e', 'David Shields', 'df234305-8a47-4b4d-8efb-716a6b695428', 'david.shields@example.com', 'David', 'Shields', 0, 0, '2025-07-09 00:51:06', '2025-07-09 00:51:06');
INSERT INTO `user` (`uuid`, `fullname`, `tenant_id`, `email`, `firstname`, `lastname`, `deleted`, `inactive`, `created_on`, `modified_on`) VALUES ('3788ba3d-45c5-4705-8835-d057f02b9b64', 'Jamie Rodriguez', 'df234305-8a47-4b4d-8efb-716a6b695428', 'jamie.rodriguez@example.com', 'Jamie', 'Rodriguez', 0, 0, '2025-07-09 00:51:06', '2025-07-09 00:51:06');
INSERT INTO `user` (`uuid`, `fullname`, `tenant_id`, `email`, `firstname`, `lastname`, `deleted`, `inactive`, `created_on`, `modified_on`) VALUES ('34099d57-7095-416a-ba50-05e684f89372', 'Angela Sanchez', 'df234305-8a47-4b4d-8efb-716a6b695428', 'angela.sanchez@example.com', 'Angela', 'Sanchez', 0, 0, '2025-07-09 00:51:06', '2025-07-09 00:51:06');
INSERT INTO `user` (`uuid`, `fullname`, `tenant_id`, `email`, `firstname`, `lastname`, `deleted`, `inactive`, `created_on`, `modified_on`) VALUES ('ad6dd01b-8c89-4e2a-b3da-f0e1e563b58f', 'Christopher Bauer', 'df234305-8a47-4b4d-8efb-716a6b695428', 'christopher.bauer@example.com', 'Christopher', 'Bauer', 0, 0, '2025-07-09 00:51:06', '2025-07-09 00:51:06');
INSERT INTO `user` (`uuid`, `fullname`, `tenant_id`, `email`, `firstname`, `lastname`, `deleted`, `inactive`, `created_on`, `modified_on`) VALUES ('33e5ba39-3619-4843-bdfd-d7dabc6689be', 'Michael Miller', 'df234305-8a47-4b4d-8efb-716a6b695428', 'michael.miller@example.com', 'Michael', 'Miller', 0, 0, '2025-07-09 00:51:06', '2025-07-09 00:51:06');
INSERT INTO `user` (`uuid`, `fullname`, `tenant_id`, `email`, `firstname`, `lastname`, `deleted`, `inactive`, `created_on`, `modified_on`) VALUES ('ad217634-52b5-46ab-ae7b-23485fa549a6', 'Earl Hall', 'df234305-8a47-4b4d-8efb-716a6b695428', 'earl.hall@example.com', 'Earl', 'Hall', 0, 0, '2025-07-09 00:51:06', '2025-07-09 00:51:06');
INSERT INTO `user` (`uuid`, `fullname`, `tenant_id`, `email`, `firstname`, `lastname`, `deleted`, `inactive`, `created_on`, `modified_on`) VALUES ('d48a3e5b-d9e4-4d89-9bb0-a62f6810e2d3', 'Katie Armstrong', 'df234305-8a47-4b4d-8efb-716a6b695428', 'katie.armstrong@example.com', 'Katie', 'Armstrong', 0, 0, '2025-07-09 00:51:06', '2025-07-09 00:51:06');
INSERT INTO `user` (`uuid`, `fullname`, `tenant_id`, `email`, `firstname`, `lastname`, `deleted`, `inactive`, `created_on`, `modified_on`) VALUES ('422fa9eb-7b28-4077-951f-d3302858fe7a', 'Sean Reyes', 'df234305-8a47-4b4d-8efb-716a6b695428', 'sean.reyes@example.com', 'Sean', 'Reyes', 0, 0, '2025-07-09 00:51:06', '2025-07-09 00:51:06');
INSERT INTO `user` (`uuid`, `fullname`, `tenant_id`, `email`, `firstname`, `lastname`, `deleted`, `inactive`, `created_on`, `modified_on`) VALUES ('2538dee8-7580-4349-8dff-62ea460ca90b', 'Daniel Harmon', 'df234305-8a47-4b4d-8efb-716a6b695428', 'daniel.harmon@example.com', 'Daniel', 'Harmon', 0, 0, '2025-07-09 00:51:06', '2025-07-09 00:51:06');
INSERT INTO `user` (`uuid`, `fullname`, `tenant_id`, `email`, `firstname`, `lastname`, `deleted`, `inactive`, `created_on`, `modified_on`) VALUES ('bead8694-fb3f-4028-904f-66e0c3aa8a48', 'Mrs. Brooke Herrera', 'df234305-8a47-4b4d-8efb-716a6b695428', 'mrs..brookeherrera@example.com', 'Mrs.', 'Brooke Herrera', 0, 0, '2025-07-09 00:51:06', '2025-07-09 00:51:06');
INSERT INTO `user` (`uuid`, `fullname`, `tenant_id`, `email`, `firstname`, `lastname`, `deleted`, `inactive`, `created_on`, `modified_on`) VALUES ('0a329c5a-3742-45c8-a73b-dbe41e3e82a9', 'Veronica Frazier', 'df234305-8a47-4b4d-8efb-716a6b695428', 'veronica.frazier@example.com', 'Veronica', 'Frazier', 0, 0, '2025-07-09 00:51:06', '2025-07-09 00:51:06');
INSERT INTO `user` (`uuid`, `fullname`, `tenant_id`, `email`, `firstname`, `lastname`, `deleted`, `inactive`, `created_on`, `modified_on`) VALUES ('6c9c7c56-8ced-427a-8f60-7205ed18d334', 'Austin Hughes', 'df234305-8a47-4b4d-8efb-716a6b695428', 'austin.hughes@example.com', 'Austin', 'Hughes', 0, 0, '2025-07-09 00:51:06', '2025-07-09 00:51:06');
INSERT INTO `user` (`uuid`, `fullname`, `tenant_id`, `email`, `firstname`, `lastname`, `deleted`, `inactive`, `created_on`, `modified_on`) VALUES ('099ea054-882d-4677-9f9f-724d0fc69ae1', 'Mr. Kyle Moore', 'df234305-8a47-4b4d-8efb-716a6b695428', 'mr..kylemoore@example.com', 'Mr.', 'Kyle Moore', 0, 0, '2025-07-09 00:51:06', '2025-07-09 00:51:06');
INSERT INTO `user` (`uuid`, `fullname`, `tenant_id`, `email`, `firstname`, `lastname`, `deleted`, `inactive`, `created_on`, `modified_on`) VALUES ('fbfc7536-7743-4a56-a831-5b41fc330148', 'Amanda Delacruz', 'df234305-8a47-4b4d-8efb-716a6b695428', 'amanda.delacruz@example.com', 'Amanda', 'Delacruz', 0, 0, '2025-07-09 00:51:06', '2025-07-09 00:51:06');
INSERT INTO `user` (`uuid`, `fullname`, `tenant_id`, `email`, `firstname`, `lastname`, `deleted`, `inactive`, `created_on`, `modified_on`) VALUES ('5bbcfddc-9d9d-4e1e-9a20-dfb8056a156e', 'Edwin Brooks', 'df234305-8a47-4b4d-8efb-716a6b695428', 'edwin.brooks@example.com', 'Edwin', 'Brooks', 0, 0, '2025-07-09 00:51:06', '2025-07-09 00:51:06');
INSERT INTO `user` (`uuid`, `fullname`, `tenant_id`, `email`, `firstname`, `lastname`, `deleted`, `inactive`, `created_on`, `modified_on`) VALUES ('49f48c16-b68e-4661-8861-e3fdaa36d765', 'Jennifer Arnold', 'df234305-8a47-4b4d-8efb-716a6b695428', 'jennifer.arnold@example.com', 'Jennifer', 'Arnold', 0, 0, '2025-07-09 00:51:06', '2025-07-09 00:51:06');
INSERT INTO `user` (`uuid`, `fullname`, `tenant_id`, `email`, `firstname`, `lastname`, `deleted`, `inactive`, `created_on`, `modified_on`) VALUES ('471c8b9e-aff7-4174-9e1f-5e0004f45a5e', 'Susan Hardin', 'df234305-8a47-4b4d-8efb-716a6b695428', 'susan.hardin@example.com', 'Susan', 'Hardin', 0, 0, '2025-07-09 00:51:06', '2025-07-09 00:51:06');
INSERT INTO `user` (`uuid`, `fullname`, `tenant_id`, `email`, `firstname`, `lastname`, `deleted`, `inactive`, `created_on`, `modified_on`) VALUES ('40a79a4f-9325-4ed5-883a-1d8fa95f3670', 'Alexander Holt', 'df234305-8a47-4b4d-8efb-716a6b695428', 'alexander.holt@example.com', 'Alexander', 'Holt', 0, 0, '2025-07-09 00:51:06', '2025-07-09 00:51:06');
INSERT INTO `user` (`uuid`, `fullname`, `tenant_id`, `email`, `firstname`, `lastname`, `deleted`, `inactive`, `created_on`, `modified_on`) VALUES ('062ec2ed-d72c-44c1-93f4-769d9e06f6ab', 'Melanie West', 'df234305-8a47-4b4d-8efb-716a6b695428', 'melanie.west@example.com', 'Melanie', 'West', 0, 0, '2025-07-09 00:51:06', '2025-07-09 00:51:06');
INSERT INTO `user` (`uuid`, `fullname`, `tenant_id`, `email`, `firstname`, `lastname`, `deleted`, `inactive`, `created_on`, `modified_on`) VALUES ('b6842466-f6fc-4dff-a608-33ddbe569487', 'Dana May', 'df234305-8a47-4b4d-8efb-716a6b695428', 'dana.may@example.com', 'Dana', 'May', 0, 0, '2025-07-09 00:51:06', '2025-07-09 00:51:06');
INSERT INTO `user` (`uuid`, `fullname`, `tenant_id`, `email`, `firstname`, `lastname`, `deleted`, `inactive`, `created_on`, `modified_on`) VALUES ('b174b1bd-2beb-4b3b-bb1f-bd4157369af8', 'Marc Dominguez', 'df234305-8a47-4b4d-8efb-716a6b695428', 'marc.dominguez@example.com', 'Marc', 'Dominguez', 0, 0, '2025-07-09 00:51:06', '2025-07-09 00:51:06');
INSERT INTO `user` (`uuid`, `fullname`, `tenant_id`, `email`, `firstname`, `lastname`, `deleted`, `inactive`, `created_on`, `modified_on`) VALUES ('d2748ae3-ace6-44ce-80f6-343c059d4d07', 'Crystal Kelly', 'df234305-8a47-4b4d-8efb-716a6b695428', 'crystal.kelly@example.com', 'Crystal', 'Kelly', 0, 0, '2025-07-09 00:51:06', '2025-07-09 00:51:06');
INSERT INTO `user` (`uuid`, `fullname`, `tenant_id`, `email`, `firstname`, `lastname`, `deleted`, `inactive`, `created_on`, `modified_on`) VALUES ('456fdd70-2ce6-4056-956f-8d3bc41fc1e3', 'Abigail Ball', 'df234305-8a47-4b4d-8efb-716a6b695428', 'abigail.ball@example.com', 'Abigail', 'Ball', 0, 0, '2025-07-09 00:51:06', '2025-07-09 00:51:06');
INSERT INTO `user` (`uuid`, `fullname`, `tenant_id`, `email`, `firstname`, `lastname`, `deleted`, `inactive`, `created_on`, `modified_on`) VALUES ('c6d7e476-41c8-44d7-b598-f8a27beb2462', 'Amy Lowery', 'df234305-8a47-4b4d-8efb-716a6b695428', 'amy.lowery@example.com', 'Amy', 'Lowery', 0, 0, '2025-07-09 00:51:06', '2025-07-09 00:51:06');
INSERT INTO `user` (`uuid`, `fullname`, `tenant_id`, `email`, `firstname`, `lastname`, `deleted`, `inactive`, `created_on`, `modified_on`) VALUES ('a788d82a-5e76-4b36-99d8-6cad914ac6e4', 'Paula Sims', 'df234305-8a47-4b4d-8efb-716a6b695428', 'paula.sims@example.com', 'Paula', 'Sims', 0, 0, '2025-07-09 00:51:06', '2025-07-09 00:51:06');
INSERT INTO `user` (`uuid`, `fullname`, `tenant_id`, `email`, `firstname`, `lastname`, `deleted`, `inactive`, `created_on`, `modified_on`) VALUES ('c565c034-b556-4fdc-8233-5ff57e59a6fa', 'James Montoya', 'df234305-8a47-4b4d-8efb-716a6b695428', 'james.montoya@example.com', 'James', 'Montoya', 0, 0, '2025-07-09 00:51:06', '2025-07-09 00:51:06');
INSERT INTO `user` (`uuid`, `fullname`, `tenant_id`, `email`, `firstname`, `lastname`, `deleted`, `inactive`, `created_on`, `modified_on`) VALUES ('a6a589a8-69bd-4881-ac82-5ccc56fbc267', 'Kathy Mitchell', 'df234305-8a47-4b4d-8efb-716a6b695428', 'kathy.mitchell@example.com', 'Kathy', 'Mitchell', 0, 0, '2025-07-09 00:51:06', '2025-07-09 00:51:06');
INSERT INTO `user` (`uuid`, `fullname`, `tenant_id`, `email`, `firstname`, `lastname`, `deleted`, `inactive`, `created_on`, `modified_on`) VALUES ('16ba6242-10f9-41fd-8722-728945ad311b', 'Alec Cruz', 'df234305-8a47-4b4d-8efb-716a6b695428', 'alec.cruz@example.com', 'Alec', 'Cruz', 0, 0, '2025-07-09 00:51:06', '2025-07-09 00:51:06');
INSERT INTO `user` (`uuid`, `fullname`, `tenant_id`, `email`, `firstname`, `lastname`, `deleted`, `inactive`, `created_on`, `modified_on`) VALUES ('9afb3d74-d556-4fc5-a46d-0f7660fb5646', 'Ariel Guerrero', 'df234305-8a47-4b4d-8efb-716a6b695428', 'ariel.guerrero@example.com', 'Ariel', 'Guerrero', 0, 0, '2025-07-09 00:51:06', '2025-07-09 00:51:06');
INSERT INTO `user` (`uuid`, `fullname`, `tenant_id`, `email`, `firstname`, `lastname`, `deleted`, `inactive`, `created_on`, `modified_on`) VALUES ('d71bc001-519e-44df-98fd-a6562ee37ab6', 'Valerie Hill', 'df234305-8a47-4b4d-8efb-716a6b695428', 'valerie.hill@example.com', 'Valerie', 'Hill', 0, 0, '2025-07-09 00:51:06', '2025-07-09 00:51:06');
INSERT INTO `user` (`uuid`, `fullname`, `tenant_id`, `email`, `firstname`, `lastname`, `deleted`, `inactive`, `created_on`, `modified_on`) VALUES ('19bc1df5-6f82-4c62-bb0f-b135d986ce00', 'Mr. Justin Black DDS', 'df234305-8a47-4b4d-8efb-716a6b695428', 'mr..justinblackdds@example.com', 'Mr.', 'Justin Black DDS', 0, 0, '2025-07-09 00:51:06', '2025-07-09 00:51:06');
INSERT INTO `user` (`uuid`, `fullname`, `tenant_id`, `email`, `firstname`, `lastname`, `deleted`, `inactive`, `created_on`, `modified_on`) VALUES ('898a8a9a-1949-428c-b247-7ad01db148b6', 'Tony Reed', 'df234305-8a47-4b4d-8efb-716a6b695428', 'tony.reed@example.com', 'Tony', 'Reed', 0, 0, '2025-07-09 00:51:06', '2025-07-09 00:51:06');
INSERT INTO `user` (`uuid`, `fullname`, `tenant_id`, `email`, `firstname`, `lastname`, `deleted`, `inactive`, `created_on`, `modified_on`) VALUES ('3150a162-7e01-4eed-b246-426cb935241b', 'Lisa Orr', 'df234305-8a47-4b4d-8efb-716a6b695428', 'lisa.orr@example.com', 'Lisa', 'Orr', 0, 0, '2025-07-09 00:51:06', '2025-07-09 00:51:06');
INSERT INTO `user` (`uuid`, `fullname`, `tenant_id`, `email`, `firstname`, `lastname`, `deleted`, `inactive`, `created_on`, `modified_on`) VALUES ('3712ae2b-06c8-4367-9277-955780d8d666', 'Richard Hart', 'df234305-8a47-4b4d-8efb-716a6b695428', 'richard.hart@example.com', 'Richard', 'Hart', 0, 0, '2025-07-09 00:51:06', '2025-07-09 00:51:06');
INSERT INTO `user` (`uuid`, `fullname`, `tenant_id`, `email`, `firstname`, `lastname`, `deleted`, `inactive`, `created_on`, `modified_on`) VALUES ('e44b0c94-82c2-4950-8e87-8c9ea9d45ca1', 'Julie Grant', 'df234305-8a47-4b4d-8efb-716a6b695428', 'julie.grant@example.com', 'Julie', 'Grant', 0, 0, '2025-07-09 00:51:06', '2025-07-09 00:51:06');
INSERT INTO `user` (`uuid`, `fullname`, `tenant_id`, `email`, `firstname`, `lastname`, `deleted`, `inactive`, `created_on`, `modified_on`) VALUES ('99eafb67-50bc-4bd2-aa4f-fdabe841dcb0', 'Laurie Ward', 'df234305-8a47-4b4d-8efb-716a6b695428', 'laurie.ward@example.com', 'Laurie', 'Ward', 0, 0, '2025-07-09 00:51:06', '2025-07-09 00:51:06');
INSERT INTO `user` (`uuid`, `fullname`, `tenant_id`, `email`, `firstname`, `lastname`, `deleted`, `inactive`, `created_on`, `modified_on`) VALUES ('90032c9a-7ddb-4342-bfe5-703f5a5cb28e', 'Danielle Frederick', 'df234305-8a47-4b4d-8efb-716a6b695428', 'danielle.frederick@example.com', 'Danielle', 'Frederick', 0, 0, '2025-07-09 00:51:06', '2025-07-09 00:51:06');
INSERT INTO `user` (`uuid`, `fullname`, `tenant_id`, `email`, `firstname`, `lastname`, `deleted`, `inactive`, `created_on`, `modified_on`) VALUES ('ce216579-227e-4c27-b7a2-eacc21003d6d', 'Hector Lopez Jr.', 'df234305-8a47-4b4d-8efb-716a6b695428', 'hector.lopezjr.@example.com', 'Hector', 'Lopez Jr.', 0, 0, '2025-07-09 00:51:06', '2025-07-09 00:51:06');
INSERT INTO `user` (`uuid`, `fullname`, `tenant_id`, `email`, `firstname`, `lastname`, `deleted`, `inactive`, `created_on`, `modified_on`) VALUES ('f9dba7c5-4c36-4c20-a0ba-02409c7e17b0', 'James Hamilton', 'df234305-8a47-4b4d-8efb-716a6b695428', 'james.hamilton@example.com', 'James', 'Hamilton', 0, 0, '2025-07-09 00:51:06', '2025-07-09 00:51:06');
INSERT INTO `user` (`uuid`, `fullname`, `tenant_id`, `email`, `firstname`, `lastname`, `deleted`, `inactive`, `created_on`, `modified_on`) VALUES ('0bcad8f7-f403-41a2-858b-081a434542fc', 'Robert Wong', 'df234305-8a47-4b4d-8efb-716a6b695428', 'robert.wong@example.com', 'Robert', 'Wong', 0, 0, '2025-07-09 00:51:06', '2025-07-09 00:51:06');
INSERT INTO `user` (`uuid`, `fullname`, `tenant_id`, `email`, `firstname`, `lastname`, `deleted`, `inactive`, `created_on`, `modified_on`) VALUES ('0dbffba5-da0f-4a38-bd62-9ce6d3ea7dd9', 'Ernest Aguilar', 'df234305-8a47-4b4d-8efb-716a6b695428', 'ernest.aguilar@example.com', 'Ernest', 'Aguilar', 0, 0, '2025-07-09 00:51:06', '2025-07-09 00:51:06');
INSERT INTO `client` (`id`, `client_name`, `client_code`, `tenant_id`, `email`, `is_active`, `created_on`, `modified_on`) VALUES ('3cac90cc-cdd4-462b-966e-404eb56a92f4', 'Gamble-Singleton', 1001, 'df234305-8a47-4b4d-8efb-716a6b695428', 'info@gamblesingleton.com', 1, '2025-07-09 00:51:06', '2025-07-09 00:51:06');
INSERT INTO `department` (`uuid`, `department`, `tenant_id`, `client_id`, `created_on`, `modified_on`) VALUES ('caca5ab3-a402-4c89-a8bd-3b29352db1c7', 'Drug Discovery', 'df234305-8a47-4b4d-8efb-716a6b695428', '3cac90cc-cdd4-462b-966e-404eb56a92f4', '2025-07-09 00:51:06', '2025-07-09 00:51:06');
INSERT INTO `client` (`id`, `client_name`, `client_code`, `tenant_id`, `email`, `is_active`, `created_on`, `modified_on`) VALUES ('8f734221-9ba0-4d05-9f1c-69c6f9f25d6e', 'Singh, Stokes and Jones', 1003, 'df234305-8a47-4b4d-8efb-716a6b695428', 'info@singhstokesandjones.com', 1, '2025-07-09 00:51:06', '2025-07-09 00:51:06');
INSERT INTO `department` (`uuid`, `department`, `tenant_id`, `client_id`, `created_on`, `modified_on`) VALUES ('4730167d-7915-4e2f-9bea-18dda9142923', 'Cybersecurity', 'df234305-8a47-4b4d-8efb-716a6b695428', '8f734221-9ba0-4d05-9f1c-69c6f9f25d6e', '2025-07-09 00:51:06', '2025-07-09 00:51:06');
INSERT INTO `client` (`id`, `client_name`, `client_code`, `tenant_id`, `email`, `is_active`, `created_on`, `modified_on`) VALUES ('0a6e6826-a469-4072-9997-76c04867c178', 'Rosario, Clark and Patterson', 1005, 'df234305-8a47-4b4d-8efb-716a6b695428', 'info@rosarioclarkandpatterson.com', 1, '2025-07-09 00:51:06', '2025-07-09 00:51:06');
INSERT INTO `department` (`uuid`, `department`, `tenant_id`, `client_id`, `created_on`, `modified_on`) VALUES ('be7c4088-f405-491d-ae5f-cb38a04fd992', 'Carbon Management', 'df234305-8a47-4b4d-8efb-716a6b695428', '0a6e6826-a469-4072-9997-76c04867c178', '2025-07-09 00:51:06', '2025-07-09 00:51:06');
INSERT INTO `department` (`uuid`, `department`, `tenant_id`, `client_id`, `created_on`, `modified_on`) VALUES ('71b4713b-8d20-4c89-ab92-231b789deda6', 'Bioinformatics', 'df234305-8a47-4b4d-8efb-716a6b695428', '0a6e6826-a469-4072-9997-76c04867c178', '2025-07-09 00:51:06', '2025-07-09 00:51:06');
INSERT INTO `client` (`id`, `client_name`, `client_code`, `tenant_id`, `email`, `is_active`, `created_on`, `modified_on`) VALUES ('6e83322e-68d4-4e71-ba4e-98da91b969f9', 'Moore-Nichols', 1007, 'df234305-8a47-4b4d-8efb-716a6b695428', 'info@moorenichols.com', 1, '2025-07-09 00:51:06', '2025-07-09 00:51:06');
INSERT INTO `department` (`uuid`, `department`, `tenant_id`, `client_id`, `created_on`, `modified_on`) VALUES ('130ae53f-fff3-44e7-8e21-e8002040e495', 'Fintech Innovation', 'df234305-8a47-4b4d-8efb-716a6b695428', '6e83322e-68d4-4e71-ba4e-98da91b969f9', '2025-07-09 00:51:06', '2025-07-09 00:51:06');
INSERT INTO `client` (`id`, `client_name`, `client_code`, `tenant_id`, `email`, `is_active`, `created_on`, `modified_on`) VALUES ('3fd16fd9-ffda-40eb-95d9-5b2302b3577f', 'Sexton Inc', 1009, 'df234305-8a47-4b4d-8efb-716a6b695428', 'info@sextoninc.com', 1, '2025-07-09 00:51:06', '2025-07-09 00:51:06');
INSERT INTO `department` (`uuid`, `department`, `tenant_id`, `client_id`, `created_on`, `modified_on`) VALUES ('85ef8533-7dde-4e0d-8459-9125e28bd927', 'Civil Systems', 'df234305-8a47-4b4d-8efb-716a6b695428', '3fd16fd9-ffda-40eb-95d9-5b2302b3577f', '2025-07-09 00:51:06', '2025-07-09 00:51:06');
INSERT INTO `client` (`id`, `client_name`, `client_code`, `tenant_id`, `email`, `is_active`, `created_on`, `modified_on`) VALUES ('e7c854c4-a6fd-4115-9c23-9e3926c885d3', 'Bell-Bell', 1011, 'df234305-8a47-4b4d-8efb-716a6b695428', 'info@bellbell.com', 1, '2025-07-09 00:51:06', '2025-07-09 00:51:06');
INSERT INTO `department` (`uuid`, `department`, `tenant_id`, `client_id`, `created_on`, `modified_on`) VALUES ('7c5df926-891e-441c-82a9-a5f7d18dde8d', 'AI Solutions', 'df234305-8a47-4b4d-8efb-716a6b695428', 'e7c854c4-a6fd-4115-9c23-9e3926c885d3', '2025-07-09 00:51:06', '2025-07-09 00:51:06');
INSERT INTO `client` (`id`, `client_name`, `client_code`, `tenant_id`, `email`, `is_active`, `created_on`, `modified_on`) VALUES ('7b18a858-a6e2-4943-b8b4-4d679a774763', 'Martin-Malone', 1013, 'df234305-8a47-4b4d-8efb-716a6b695428', 'info@martinmalone.com', 1, '2025-07-09 00:51:06', '2025-07-09 00:51:06');
INSERT INTO `department` (`uuid`, `department`, `tenant_id`, `client_id`, `created_on`, `modified_on`) VALUES ('1f1aee6e-498e-4cd4-9772-881db2642ae0', 'Telecommunications', 'df234305-8a47-4b4d-8efb-716a6b695428', '7b18a858-a6e2-4943-b8b4-4d679a774763', '2025-07-09 00:51:06', '2025-07-09 00:51:06');
INSERT INTO `client` (`id`, `client_name`, `client_code`, `tenant_id`, `email`, `is_active`, `created_on`, `modified_on`) VALUES ('32ae4d6d-16f4-4bf0-87d0-656abca41b75', 'Nichols-Mueller', 1015, 'df234305-8a47-4b4d-8efb-716a6b695428', 'info@nicholsmueller.com', 1, '2025-07-09 00:51:06', '2025-07-09 00:51:06');
INSERT INTO `department` (`uuid`, `department`, `tenant_id`, `client_id`, `created_on`, `modified_on`) VALUES ('554aa61a-8ade-4966-a526-ebe332d2d9f7', 'Cybersecurity', 'df234305-8a47-4b4d-8efb-716a6b695428', '32ae4d6d-16f4-4bf0-87d0-656abca41b75', '2025-07-09 00:51:06', '2025-07-09 00:51:06');
INSERT INTO `client` (`id`, `client_name`, `client_code`, `tenant_id`, `email`, `is_active`, `created_on`, `modified_on`) VALUES ('4b4f7a2c-b4c8-4249-bec9-9bfbfae3263c', 'Peterson, Heath and Arnold', 1017, 'df234305-8a47-4b4d-8efb-716a6b695428', 'info@petersonheathandarnold.com', 1, '2025-07-09 00:51:06', '2025-07-09 00:51:06');
INSERT INTO `department` (`uuid`, `department`, `tenant_id`, `client_id`, `created_on`, `modified_on`) VALUES ('827395ee-94cc-4e9e-88ce-89f4ffff10e2', 'Carbon Management', 'df234305-8a47-4b4d-8efb-716a6b695428', '4b4f7a2c-b4c8-4249-bec9-9bfbfae3263c', '2025-07-09 00:51:06', '2025-07-09 00:51:06');
INSERT INTO `department` (`uuid`, `department`, `tenant_id`, `client_id`, `created_on`, `modified_on`) VALUES ('2ff9dcf0-97de-49cd-82ab-4aa13c5bcfd1', 'Fintech Innovation', 'df234305-8a47-4b4d-8efb-716a6b695428', '4b4f7a2c-b4c8-4249-bec9-9bfbfae3263c', '2025-07-09 00:51:06', '2025-07-09 00:51:06');
INSERT INTO `client` (`id`, `client_name`, `client_code`, `tenant_id`, `email`, `is_active`, `created_on`, `modified_on`) VALUES ('d75c16eb-2470-48ee-a256-998f3473239f', 'Ramos Ltd', 1019, 'df234305-8a47-4b4d-8efb-716a6b695428', 'info@ramosltd.com', 1, '2025-07-09 00:51:06', '2025-07-09 00:51:06');
INSERT INTO `department` (`uuid`, `department`, `tenant_id`, `client_id`, `created_on`, `modified_on`) VALUES ('699b353b-8b5b-4c8d-aaa2-01061f9748ed', 'Bioinformatics', 'df234305-8a47-4b4d-8efb-716a6b695428', 'd75c16eb-2470-48ee-a256-998f3473239f', '2025-07-09 00:51:06', '2025-07-09 00:51:06');
INSERT INTO `client` (`id`, `client_name`, `client_code`, `tenant_id`, `email`, `is_active`, `created_on`, `modified_on`) VALUES ('8d889393-c45d-4d7b-8d15-63806146dab8', 'King-Adams', 1021, 'df234305-8a47-4b4d-8efb-716a6b695428', 'info@kingadams.com', 1, '2025-07-09 00:51:06', '2025-07-09 00:51:06');
INSERT INTO `department` (`uuid`, `department`, `tenant_id`, `client_id`, `created_on`, `modified_on`) VALUES ('6b9fd47a-adb5-4dc7-b280-169dc634a852', 'Aerospace', 'df234305-8a47-4b4d-8efb-716a6b695428', '8d889393-c45d-4d7b-8d15-63806146dab8', '2025-07-09 00:51:06', '2025-07-09 00:51:06');
INSERT INTO `client` (`id`, `client_name`, `client_code`, `tenant_id`, `email`, `is_active`, `created_on`, `modified_on`) VALUES ('c5f0b367-a66e-4f56-afa8-f7cc7afbef1a', 'Smith Inc', 1023, 'df234305-8a47-4b4d-8efb-716a6b695428', 'info@smithinc.com', 1, '2025-07-09 00:51:06', '2025-07-09 00:51:06');
INSERT INTO `department` (`uuid`, `department`, `tenant_id`, `client_id`, `created_on`, `modified_on`) VALUES ('62c0ff18-3574-4afe-8e61-435944016965', 'Robotics', 'df234305-8a47-4b4d-8efb-716a6b695428', 'c5f0b367-a66e-4f56-afa8-f7cc7afbef1a', '2025-07-09 00:51:06', '2025-07-09 00:51:06');
INSERT INTO `client` (`id`, `client_name`, `client_code`, `tenant_id`, `email`, `is_active`, `created_on`, `modified_on`) VALUES ('23d8cb09-ac45-4216-88d9-f35ccb730d89', 'Anderson-Garcia', 1025, 'df234305-8a47-4b4d-8efb-716a6b695428', 'info@andersongarcia.com', 1, '2025-07-09 00:51:06', '2025-07-09 00:51:06');
INSERT INTO `department` (`uuid`, `department`, `tenant_id`, `client_id`, `created_on`, `modified_on`) VALUES ('8fd92520-ffee-416f-8d9e-fa73744965f8', 'Bioinformatics', 'df234305-8a47-4b4d-8efb-716a6b695428', '23d8cb09-ac45-4216-88d9-f35ccb730d89', '2025-07-09 00:51:06', '2025-07-09 00:51:06');
INSERT INTO `client` (`id`, `client_name`, `client_code`, `tenant_id`, `email`, `is_active`, `created_on`, `modified_on`) VALUES ('f5f156aa-b5fe-40cd-8516-8de8fc256a05', 'Benton PLC', 1027, 'df234305-8a47-4b4d-8efb-716a6b695428', 'info@bentonplc.com', 1, '2025-07-09 00:51:06', '2025-07-09 00:51:06');
INSERT INTO `department` (`uuid`, `department`, `tenant_id`, `client_id`, `created_on`, `modified_on`) VALUES ('0bc74ddc-c802-4ed6-8867-5d2a6d69b7c0', 'Cybersecurity', 'df234305-8a47-4b4d-8efb-716a6b695428', 'f5f156aa-b5fe-40cd-8516-8de8fc256a05', '2025-07-09 00:51:06', '2025-07-09 00:51:06');
INSERT INTO `department` (`uuid`, `department`, `tenant_id`, `client_id`, `created_on`, `modified_on`) VALUES ('063134ed-da3d-4444-aa7c-f69e08a7a883', 'Canada AI Research', 'df234305-8a47-4b4d-8efb-716a6b695428', 'f5f156aa-b5fe-40cd-8516-8de8fc256a05', '2025-07-09 00:51:06', '2025-07-09 00:51:06');
INSERT INTO `client` (`id`, `client_name`, `client_code`, `tenant_id`, `email`, `is_active`, `created_on`, `modified_on`) VALUES ('a863f4f3-aa4f-44a7-b558-c3b8e6208cbf', 'Harper, Young and Jones', 1029, 'df234305-8a47-4b4d-8efb-716a6b695428', 'info@harperyoungandjones.com', 1, '2025-07-09 00:51:06', '2025-07-09 00:51:06');
INSERT INTO `department` (`uuid`, `department`, `tenant_id`, `client_id`, `created_on`, `modified_on`) VALUES ('156b552c-5a20-4f52-8c40-5051e2432932', 'Telecommunications', 'df234305-8a47-4b4d-8efb-716a6b695428', 'a863f4f3-aa4f-44a7-b558-c3b8e6208cbf', '2025-07-09 00:51:06', '2025-07-09 00:51:06');
INSERT INTO `client` (`id`, `client_name`, `client_code`, `tenant_id`, `email`, `is_active`, `created_on`, `modified_on`) VALUES ('a224f780-7b56-45db-921a-73f09c93d6a7', 'Brown-Carlson', 1031, 'df234305-8a47-4b4d-8efb-716a6b695428', 'info@browncarlson.com', 1, '2025-07-09 00:51:06', '2025-07-09 00:51:06');
INSERT INTO `department` (`uuid`, `department`, `tenant_id`, `client_id`, `created_on`, `modified_on`) VALUES ('1bacca06-1cdf-4660-a1da-0d312eeffd0b', 'Robotics', 'df234305-8a47-4b4d-8efb-716a6b695428', 'a224f780-7b56-45db-921a-73f09c93d6a7', '2025-07-09 00:51:06', '2025-07-09 00:51:06');
INSERT INTO `client` (`id`, `client_name`, `client_code`, `tenant_id`, `email`, `is_active`, `created_on`, `modified_on`) VALUES ('52c865ec-404d-4a84-bf67-619aca037bc2', 'Williams LLC', 1033, 'df234305-8a47-4b4d-8efb-716a6b695428', 'info@williamsllc.com', 1, '2025-07-09 00:51:06', '2025-07-09 00:51:06');
INSERT INTO `department` (`uuid`, `department`, `tenant_id`, `client_id`, `created_on`, `modified_on`) VALUES ('4ab439c5-64da-44db-801c-bfe9f9b712f1', 'Data Science', 'df234305-8a47-4b4d-8efb-716a6b695428', '52c865ec-404d-4a84-bf67-619aca037bc2', '2025-07-09 00:51:06', '2025-07-09 00:51:06');
INSERT INTO `client` (`id`, `client_name`, `client_code`, `tenant_id`, `email`, `is_active`, `created_on`, `modified_on`) VALUES ('63924bb5-caa1-44ec-93e5-4ee245836b78', 'Cooper, Hodges and Boyd', 1035, 'df234305-8a47-4b4d-8efb-716a6b695428', 'info@cooperhodgesandboyd.com', 1, '2025-07-09 00:51:06', '2025-07-09 00:51:06');
INSERT INTO `department` (`uuid`, `department`, `tenant_id`, `client_id`, `created_on`, `modified_on`) VALUES ('7ecf687a-cc1c-46db-8a00-0bf7269f015f', 'Desert Tech Research', 'df234305-8a47-4b4d-8efb-716a6b695428', '63924bb5-caa1-44ec-93e5-4ee245836b78', '2025-07-09 00:51:06', '2025-07-09 00:51:06');
INSERT INTO `client` (`id`, `client_name`, `client_code`, `tenant_id`, `email`, `is_active`, `created_on`, `modified_on`) VALUES ('0f45f3ea-51b3-48bd-b82b-c6cab74d0c77', 'Jones-Galloway', 1037, 'df234305-8a47-4b4d-8efb-716a6b695428', 'info@jonesgalloway.com', 1, '2025-07-09 00:51:06', '2025-07-09 00:51:06');
INSERT INTO `department` (`uuid`, `department`, `tenant_id`, `client_id`, `created_on`, `modified_on`) VALUES ('8efe6ffc-c0d0-4b5d-b3fa-684fb361650d', 'Autonomous Vehicles', 'df234305-8a47-4b4d-8efb-716a6b695428', '0f45f3ea-51b3-48bd-b82b-c6cab74d0c77', '2025-07-09 00:51:06', '2025-07-09 00:51:06');
INSERT INTO `client` (`id`, `client_name`, `client_code`, `tenant_id`, `email`, `is_active`, `created_on`, `modified_on`) VALUES ('f014ec99-bde5-4be8-9620-89be1b114e0d', 'Hale and Sons', 1039, 'df234305-8a47-4b4d-8efb-716a6b695428', 'info@haleandsons.com', 1, '2025-07-09 00:51:06', '2025-07-09 00:51:06');
INSERT INTO `department` (`uuid`, `department`, `tenant_id`, `client_id`, `created_on`, `modified_on`) VALUES ('01031acf-6448-4878-8b8c-c1dabe939578', 'AI Solutions', 'df234305-8a47-4b4d-8efb-716a6b695428', 'f014ec99-bde5-4be8-9620-89be1b114e0d', '2025-07-09 00:51:06', '2025-07-09 00:51:06');
INSERT INTO `client` (`id`, `client_name`, `client_code`, `tenant_id`, `email`, `is_active`, `created_on`, `modified_on`) VALUES ('162301aa-6484-40de-8f0b-519aa1f2274b', 'Duncan-Lucas', 1041, 'df234305-8a47-4b4d-8efb-716a6b695428', 'info@duncanlucas.com', 1, '2025-07-09 00:51:06', '2025-07-09 00:51:06');
INSERT INTO `department` (`uuid`, `department`, `tenant_id`, `client_id`, `created_on`, `modified_on`) VALUES ('9f2a507a-2a94-4cc0-828e-5dc53ddb9e73', 'Desert Tech Research', 'df234305-8a47-4b4d-8efb-716a6b695428', '162301aa-6484-40de-8f0b-519aa1f2274b', '2025-07-09 00:51:06', '2025-07-09 00:51:06');
INSERT INTO `client` (`id`, `client_name`, `client_code`, `tenant_id`, `email`, `is_active`, `created_on`, `modified_on`) VALUES ('34627c63-c665-4041-9893-2c215a5c0163', 'Carter, Miller and Torres', 1043, 'df234305-8a47-4b4d-8efb-716a6b695428', 'info@cartermillerandtorres.com', 1, '2025-07-09 00:51:06', '2025-07-09 00:51:06');
INSERT INTO `department` (`uuid`, `department`, `tenant_id`, `client_id`, `created_on`, `modified_on`) VALUES ('cfc58b3c-1223-4523-bf9c-71ad591d738a', 'Bioinformatics', 'df234305-8a47-4b4d-8efb-716a6b695428', '34627c63-c665-4041-9893-2c215a5c0163', '2025-07-09 00:51:06', '2025-07-09 00:51:06');
INSERT INTO `client` (`id`, `client_name`, `client_code`, `tenant_id`, `email`, `is_active`, `created_on`, `modified_on`) VALUES ('2968ca8a-b5cf-42f1-8453-f569c6c15f5a', 'Thomas, Smith and Williams', 1045, 'df234305-8a47-4b4d-8efb-716a6b695428', 'info@thomassmithandwilliams.com', 1, '2025-07-09 00:51:06', '2025-07-09 00:51:06');
INSERT INTO `department` (`uuid`, `department`, `tenant_id`, `client_id`, `created_on`, `modified_on`) VALUES ('3a20ff79-c600-44b2-b7c2-440ead8b05cf', 'Data Science', 'df234305-8a47-4b4d-8efb-716a6b695428', '2968ca8a-b5cf-42f1-8453-f569c6c15f5a', '2025-07-09 00:51:06', '2025-07-09 00:51:06');
INSERT INTO `client` (`id`, `client_name`, `client_code`, `tenant_id`, `email`, `is_active`, `created_on`, `modified_on`) VALUES ('b387b611-91c1-4bdf-8304-26706a9c1ffa', 'Macias and Sons', 1047, 'df234305-8a47-4b4d-8efb-716a6b695428', 'info@maciasandsons.com', 1, '2025-07-09 00:51:06', '2025-07-09 00:51:06');
INSERT INTO `department` (`uuid`, `department`, `tenant_id`, `client_id`, `created_on`, `modified_on`) VALUES ('a8eaba10-4947-4d8e-88a8-5f8e964e4e62', 'APAC Regulatory', 'df234305-8a47-4b4d-8efb-716a6b695428', 'b387b611-91c1-4bdf-8304-26706a9c1ffa', '2025-07-09 00:51:06', '2025-07-09 00:51:06');
INSERT INTO `department` (`uuid`, `department`, `tenant_id`, `client_id`, `created_on`, `modified_on`) VALUES ('5b815333-f63c-4256-826c-7f3f339ae57c', 'Data Science', 'df234305-8a47-4b4d-8efb-716a6b695428', 'b387b611-91c1-4bdf-8304-26706a9c1ffa', '2025-07-09 00:51:06', '2025-07-09 00:51:06');
INSERT INTO `client` (`id`, `client_name`, `client_code`, `tenant_id`, `email`, `is_active`, `created_on`, `modified_on`) VALUES ('15edfa2c-d67b-478b-9195-a6cf6badf7f0', 'Rodriguez and Sons', 1049, 'df234305-8a47-4b4d-8efb-716a6b695428', 'info@rodriguezandsons.com', 1, '2025-07-09 00:51:06', '2025-07-09 00:51:06');
INSERT INTO `department` (`uuid`, `department`, `tenant_id`, `client_id`, `created_on`, `modified_on`) VALUES ('6c07c337-7d45-4626-89f2-3d6b3571d8b1', 'Fintech Innovation', 'df234305-8a47-4b4d-8efb-716a6b695428', '15edfa2c-d67b-478b-9195-a6cf6badf7f0', '2025-07-09 00:51:06', '2025-07-09 00:51:06');