-- Generated SQL inserts for CSD database
-- NOTE: Populates tables `client`, `department`, and `user`.

INSERT INTO `user` (`uuid`, `first_name`, `last_name`, `full_name`, `tenant_id`, `deleted`, `inactive`, `address`, `contact`, `email`, `created_on`, `modified_on`) VALUES ('bf255bcc-e2db-4d47-8e3e-5b8b7b4f105d', 'Admin', 'Tekip', 'Admin Tekip', 'df234305-8a47-4b4d-8efb-716a6b695428', 0, 0, NULL, NULL, 'admin.tekip@example.com', '2025-07-09 15:55:27', '2025-07-09 15:55:27');
INSERT INTO `user` (`uuid`, `first_name`, `last_name`, `full_name`, `tenant_id`, `deleted`, `inactive`, `address`, `contact`, `email`, `created_on`, `modified_on`) VALUES ('5a089f90-4620-4bcd-abea-efbd68314c6b', 'Jennifer', 'Flores', 'Jennifer Flores', 'df234305-8a47-4b4d-8efb-716a6b695428', 0, 0, NULL, NULL, 'jennifer.flores@example.com', '2025-07-09 15:55:27', '2025-07-09 15:55:27');
INSERT INTO `user` (`uuid`, `first_name`, `last_name`, `full_name`, `tenant_id`, `deleted`, `inactive`, `address`, `contact`, `email`, `created_on`, `modified_on`) VALUES ('336f7a90-fc11-41db-86d1-1eda5976a91f', 'Edward', 'Stokes', 'Edward Stokes', 'df234305-8a47-4b4d-8efb-716a6b695428', 0, 0, NULL, NULL, 'edward.stokes@example.com', '2025-07-09 15:55:27', '2025-07-09 15:55:27');
INSERT INTO `user` (`uuid`, `first_name`, `last_name`, `full_name`, `tenant_id`, `deleted`, `inactive`, `address`, `contact`, `email`, `created_on`, `modified_on`) VALUES ('ae56d0c8-c541-40d8-b68f-2fcc871e5674', 'Stephanie', 'Allen', 'Stephanie Allen', 'df234305-8a47-4b4d-8efb-716a6b695428', 0, 0, NULL, NULL, 'stephanie.allen@example.com', '2025-07-09 15:55:27', '2025-07-09 15:55:27');
INSERT INTO `user` (`uuid`, `first_name`, `last_name`, `full_name`, `tenant_id`, `deleted`, `inactive`, `address`, `contact`, `email`, `created_on`, `modified_on`) VALUES ('90ba32e4-73a4-4d5d-ba16-de8b15734db3', 'Stephanie', 'Powell', 'Stephanie Powell', 'df234305-8a47-4b4d-8efb-716a6b695428', 0, 0, NULL, NULL, 'stephanie.powell@example.com', '2025-07-09 15:55:27', '2025-07-09 15:55:27');
INSERT INTO `user` (`uuid`, `first_name`, `last_name`, `full_name`, `tenant_id`, `deleted`, `inactive`, `address`, `contact`, `email`, `created_on`, `modified_on`) VALUES ('403f9077-afee-4d4e-88b0-15a930d0211f', 'Timothy', 'Rodriguez', 'Timothy Rodriguez', 'df234305-8a47-4b4d-8efb-716a6b695428', 0, 0, NULL, NULL, 'timothy.rodriguez@example.com', '2025-07-09 15:55:27', '2025-07-09 15:55:27');
INSERT INTO `user` (`uuid`, `first_name`, `last_name`, `full_name`, `tenant_id`, `deleted`, `inactive`, `address`, `contact`, `email`, `created_on`, `modified_on`) VALUES ('c4609924-3ac4-48ba-abb0-0e9641156527', 'Stephanie', 'Summers', 'Stephanie Summers', 'df234305-8a47-4b4d-8efb-716a6b695428', 0, 0, NULL, NULL, 'stephanie.summers@example.com', '2025-07-09 15:55:27', '2025-07-09 15:55:27');
INSERT INTO `user` (`uuid`, `first_name`, `last_name`, `full_name`, `tenant_id`, `deleted`, `inactive`, `address`, `contact`, `email`, `created_on`, `modified_on`) VALUES ('1271e4a8-b3c0-4fde-8bce-650929c69356', 'Christian', 'Odom', 'Christian Odom', 'df234305-8a47-4b4d-8efb-716a6b695428', 0, 0, NULL, NULL, 'christian.odom@example.com', '2025-07-09 15:55:27', '2025-07-09 15:55:27');
INSERT INTO `user` (`uuid`, `first_name`, `last_name`, `full_name`, `tenant_id`, `deleted`, `inactive`, `address`, `contact`, `email`, `created_on`, `modified_on`) VALUES ('aa4c6307-1bf3-4386-872f-428920f49961', 'John', 'Davis', 'John Davis', 'df234305-8a47-4b4d-8efb-716a6b695428', 0, 0, NULL, NULL, 'john.davis@example.com', '2025-07-09 15:55:27', '2025-07-09 15:55:27');
INSERT INTO `user` (`uuid`, `first_name`, `last_name`, `full_name`, `tenant_id`, `deleted`, `inactive`, `address`, `contact`, `email`, `created_on`, `modified_on`) VALUES ('5bcd84bf-22e0-4e55-b1a4-12635af4e042', 'William', 'Ellis', 'William Ellis', 'df234305-8a47-4b4d-8efb-716a6b695428', 0, 0, NULL, NULL, 'william.ellis@example.com', '2025-07-09 15:55:27', '2025-07-09 15:55:27');
INSERT INTO `user` (`uuid`, `first_name`, `last_name`, `full_name`, `tenant_id`, `deleted`, `inactive`, `address`, `contact`, `email`, `created_on`, `modified_on`) VALUES ('ceb6a72f-fe6c-4b01-a35d-46ff6f187198', 'Sharon', 'Berry', 'Sharon Berry', 'df234305-8a47-4b4d-8efb-716a6b695428', 0, 0, NULL, NULL, 'sharon.berry@example.com', '2025-07-09 15:55:27', '2025-07-09 15:55:27');
INSERT INTO `user` (`uuid`, `first_name`, `last_name`, `full_name`, `tenant_id`, `deleted`, `inactive`, `address`, `contact`, `email`, `created_on`, `modified_on`) VALUES ('d1c74f3d-81af-4442-8bad-6577f0eb94de', 'Linda', 'Hines', 'Linda Hines', 'df234305-8a47-4b4d-8efb-716a6b695428', 0, 0, NULL, NULL, 'linda.hines@example.com', '2025-07-09 15:55:27', '2025-07-09 15:55:27');
INSERT INTO `user` (`uuid`, `first_name`, `last_name`, `full_name`, `tenant_id`, `deleted`, `inactive`, `address`, `contact`, `email`, `created_on`, `modified_on`) VALUES ('f25d7dd4-0054-488f-90ca-9eb53121920e', 'Robert', 'Castillo', 'Robert Castillo', 'df234305-8a47-4b4d-8efb-716a6b695428', 0, 0, NULL, NULL, 'robert.castillo@example.com', '2025-07-09 15:55:27', '2025-07-09 15:55:27');
INSERT INTO `user` (`uuid`, `first_name`, `last_name`, `full_name`, `tenant_id`, `deleted`, `inactive`, `address`, `contact`, `email`, `created_on`, `modified_on`) VALUES ('78922a80-147d-4a6c-afac-a5868c7f9652', 'Donna', 'Herrera', 'Donna Herrera', 'df234305-8a47-4b4d-8efb-716a6b695428', 0, 0, NULL, NULL, 'donna.herrera@example.com', '2025-07-09 15:55:27', '2025-07-09 15:55:27');
INSERT INTO `user` (`uuid`, `first_name`, `last_name`, `full_name`, `tenant_id`, `deleted`, `inactive`, `address`, `contact`, `email`, `created_on`, `modified_on`) VALUES ('4bf8b777-0489-4618-aeb0-f907f239f85f', 'Jessica', 'Mosley', 'Jessica Mosley', 'df234305-8a47-4b4d-8efb-716a6b695428', 0, 0, NULL, NULL, 'jessica.mosley@example.com', '2025-07-09 15:55:27', '2025-07-09 15:55:27');
INSERT INTO `user` (`uuid`, `first_name`, `last_name`, `full_name`, `tenant_id`, `deleted`, `inactive`, `address`, `contact`, `email`, `created_on`, `modified_on`) VALUES ('b35dc6bc-4841-4a27-8ff3-e9c18c48f9b6', 'Terry', 'Smith', 'Terry Smith', 'df234305-8a47-4b4d-8efb-716a6b695428', 0, 0, NULL, NULL, 'terry.smith@example.com', '2025-07-09 15:55:27', '2025-07-09 15:55:27');
INSERT INTO `user` (`uuid`, `first_name`, `last_name`, `full_name`, `tenant_id`, `deleted`, `inactive`, `address`, `contact`, `email`, `created_on`, `modified_on`) VALUES ('890772f0-b284-4c19-accd-7721a90490cd', 'Susan', 'Hudson', 'Susan Hudson', 'df234305-8a47-4b4d-8efb-716a6b695428', 0, 0, NULL, NULL, 'susan.hudson@example.com', '2025-07-09 15:55:27', '2025-07-09 15:55:27');
INSERT INTO `user` (`uuid`, `first_name`, `last_name`, `full_name`, `tenant_id`, `deleted`, `inactive`, `address`, `contact`, `email`, `created_on`, `modified_on`) VALUES ('f377e642-4e44-4b5c-a9c4-b0481e04ae05', 'Elizabeth', 'Nixon', 'Elizabeth Nixon', 'df234305-8a47-4b4d-8efb-716a6b695428', 0, 0, NULL, NULL, 'elizabeth.nixon@example.com', '2025-07-09 15:55:27', '2025-07-09 15:55:27');
INSERT INTO `user` (`uuid`, `first_name`, `last_name`, `full_name`, `tenant_id`, `deleted`, `inactive`, `address`, `contact`, `email`, `created_on`, `modified_on`) VALUES ('9b47a36a-1054-45d4-bed3-8f67f36b6f70', 'Jasmine', 'Clark', 'Jasmine Clark', 'df234305-8a47-4b4d-8efb-716a6b695428', 0, 0, NULL, NULL, 'jasmine.clark@example.com', '2025-07-09 15:55:27', '2025-07-09 15:55:27');
INSERT INTO `user` (`uuid`, `first_name`, `last_name`, `full_name`, `tenant_id`, `deleted`, `inactive`, `address`, `contact`, `email`, `created_on`, `modified_on`) VALUES ('10c25b2a-e1d1-4f65-a320-80ae175f4946', 'Isaac', 'Kennedy', 'Isaac Kennedy', 'df234305-8a47-4b4d-8efb-716a6b695428', 0, 0, NULL, NULL, 'isaac.kennedy@example.com', '2025-07-09 15:55:27', '2025-07-09 15:55:27');
INSERT INTO `user` (`uuid`, `first_name`, `last_name`, `full_name`, `tenant_id`, `deleted`, `inactive`, `address`, `contact`, `email`, `created_on`, `modified_on`) VALUES ('0a354945-8b6f-4c3c-aa98-fd1afefa65eb', 'Brian', 'Sanchez', 'Brian Sanchez', 'df234305-8a47-4b4d-8efb-716a6b695428', 0, 0, NULL, NULL, 'brian.sanchez@example.com', '2025-07-09 15:55:27', '2025-07-09 15:55:27');
INSERT INTO `user` (`uuid`, `first_name`, `last_name`, `full_name`, `tenant_id`, `deleted`, `inactive`, `address`, `contact`, `email`, `created_on`, `modified_on`) VALUES ('7881ca3c-2be6-40d4-abed-2c62d9b6bb1a', 'Jack', 'York', 'Jack York', 'df234305-8a47-4b4d-8efb-716a6b695428', 0, 0, NULL, NULL, 'jack.york@example.com', '2025-07-09 15:55:27', '2025-07-09 15:55:27');
INSERT INTO `user` (`uuid`, `first_name`, `last_name`, `full_name`, `tenant_id`, `deleted`, `inactive`, `address`, `contact`, `email`, `created_on`, `modified_on`) VALUES ('e1e69c9e-0b9b-476d-aed6-7ff160e824c4', 'Monica', 'Mack', 'Monica Mack', 'df234305-8a47-4b4d-8efb-716a6b695428', 0, 0, NULL, NULL, 'monica.mack@example.com', '2025-07-09 15:55:27', '2025-07-09 15:55:27');
INSERT INTO `user` (`uuid`, `first_name`, `last_name`, `full_name`, `tenant_id`, `deleted`, `inactive`, `address`, `contact`, `email`, `created_on`, `modified_on`) VALUES ('69dcf3b7-1d99-4a09-8dde-dcf94d5c9618', 'James', 'Wilson', 'James Wilson', 'df234305-8a47-4b4d-8efb-716a6b695428', 0, 0, NULL, NULL, 'james.wilson@example.com', '2025-07-09 15:55:27', '2025-07-09 15:55:27');
INSERT INTO `user` (`uuid`, `first_name`, `last_name`, `full_name`, `tenant_id`, `deleted`, `inactive`, `address`, `contact`, `email`, `created_on`, `modified_on`) VALUES ('192cf95d-874e-4ffa-84b8-661bbc55d1e9', 'Amanda', 'Ray', 'Amanda Ray', 'df234305-8a47-4b4d-8efb-716a6b695428', 0, 0, NULL, NULL, 'amanda.ray@example.com', '2025-07-09 15:55:27', '2025-07-09 15:55:27');
INSERT INTO `user` (`uuid`, `first_name`, `last_name`, `full_name`, `tenant_id`, `deleted`, `inactive`, `address`, `contact`, `email`, `created_on`, `modified_on`) VALUES ('f7d8360b-05d0-42a6-969e-a53060b500f3', 'Janice', 'Jones', 'Janice Jones', 'df234305-8a47-4b4d-8efb-716a6b695428', 0, 0, NULL, NULL, 'janice.jones@example.com', '2025-07-09 15:55:27', '2025-07-09 15:55:27');
INSERT INTO `user` (`uuid`, `first_name`, `last_name`, `full_name`, `tenant_id`, `deleted`, `inactive`, `address`, `contact`, `email`, `created_on`, `modified_on`) VALUES ('d8145372-8e07-4c21-ba75-e404ec9de79e', 'Jimmy', 'Long', 'Jimmy Long', 'df234305-8a47-4b4d-8efb-716a6b695428', 0, 0, NULL, NULL, 'jimmy.long@example.com', '2025-07-09 15:55:27', '2025-07-09 15:55:27');
INSERT INTO `user` (`uuid`, `first_name`, `last_name`, `full_name`, `tenant_id`, `deleted`, `inactive`, `address`, `contact`, `email`, `created_on`, `modified_on`) VALUES ('57e8a4bd-43c2-4b31-81c4-bb7e01c42987', 'Jennifer', 'Frazier', 'Jennifer Frazier', 'df234305-8a47-4b4d-8efb-716a6b695428', 0, 0, NULL, NULL, 'jennifer.frazier@example.com', '2025-07-09 15:55:27', '2025-07-09 15:55:27');
INSERT INTO `user` (`uuid`, `first_name`, `last_name`, `full_name`, `tenant_id`, `deleted`, `inactive`, `address`, `contact`, `email`, `created_on`, `modified_on`) VALUES ('98da29cd-8354-490e-b02a-616bdf8357a5', 'Jeremy', 'Ortiz', 'Jeremy Ortiz', 'df234305-8a47-4b4d-8efb-716a6b695428', 0, 0, NULL, NULL, 'jeremy.ortiz@example.com', '2025-07-09 15:55:27', '2025-07-09 15:55:27');
INSERT INTO `user` (`uuid`, `first_name`, `last_name`, `full_name`, `tenant_id`, `deleted`, `inactive`, `address`, `contact`, `email`, `created_on`, `modified_on`) VALUES ('92fe1aaa-a1d0-4d96-a916-83e3c1cf9025', 'Ashley', 'Friedman', 'Ashley Friedman', 'df234305-8a47-4b4d-8efb-716a6b695428', 0, 0, NULL, NULL, 'ashley.friedman@example.com', '2025-07-09 15:55:27', '2025-07-09 15:55:27');
INSERT INTO `user` (`uuid`, `first_name`, `last_name`, `full_name`, `tenant_id`, `deleted`, `inactive`, `address`, `contact`, `email`, `created_on`, `modified_on`) VALUES ('74903d1f-d5a1-4ee8-b66f-795303232025', 'Veronica', 'Williams PhD', 'Veronica Williams PhD', 'df234305-8a47-4b4d-8efb-716a6b695428', 0, 0, NULL, NULL, 'veronica.williamsphd@example.com', '2025-07-09 15:55:27', '2025-07-09 15:55:27');
INSERT INTO `user` (`uuid`, `first_name`, `last_name`, `full_name`, `tenant_id`, `deleted`, `inactive`, `address`, `contact`, `email`, `created_on`, `modified_on`) VALUES ('3f009053-f51a-4345-b40b-d1fad4250211', 'Shelly', 'Leonard', 'Shelly Leonard', 'df234305-8a47-4b4d-8efb-716a6b695428', 0, 0, NULL, NULL, 'shelly.leonard@example.com', '2025-07-09 15:55:27', '2025-07-09 15:55:27');
INSERT INTO `user` (`uuid`, `first_name`, `last_name`, `full_name`, `tenant_id`, `deleted`, `inactive`, `address`, `contact`, `email`, `created_on`, `modified_on`) VALUES ('4faf59e9-17bc-45e6-adf3-c0862a6fb645', 'Angela', 'Taylor', 'Angela Taylor', 'df234305-8a47-4b4d-8efb-716a6b695428', 0, 0, NULL, NULL, 'angela.taylor@example.com', '2025-07-09 15:55:27', '2025-07-09 15:55:27');
INSERT INTO `user` (`uuid`, `first_name`, `last_name`, `full_name`, `tenant_id`, `deleted`, `inactive`, `address`, `contact`, `email`, `created_on`, `modified_on`) VALUES ('35ebc41e-8126-4c09-9dd8-45290817cc44', 'Kathleen', 'Rodriguez', 'Kathleen Rodriguez', 'df234305-8a47-4b4d-8efb-716a6b695428', 0, 0, NULL, NULL, 'kathleen.rodriguez@example.com', '2025-07-09 15:55:27', '2025-07-09 15:55:27');
INSERT INTO `user` (`uuid`, `first_name`, `last_name`, `full_name`, `tenant_id`, `deleted`, `inactive`, `address`, `contact`, `email`, `created_on`, `modified_on`) VALUES ('4203b664-7a84-4063-842e-8952274fcbbd', 'Amanda', 'Hayes', 'Amanda Hayes', 'df234305-8a47-4b4d-8efb-716a6b695428', 0, 0, NULL, NULL, 'amanda.hayes@example.com', '2025-07-09 15:55:27', '2025-07-09 15:55:27');
INSERT INTO `user` (`uuid`, `first_name`, `last_name`, `full_name`, `tenant_id`, `deleted`, `inactive`, `address`, `contact`, `email`, `created_on`, `modified_on`) VALUES ('92328356-8602-43e4-91bb-a177f45b229b', 'Donna', 'Mcbride', 'Donna Mcbride', 'df234305-8a47-4b4d-8efb-716a6b695428', 0, 0, NULL, NULL, 'donna.mcbride@example.com', '2025-07-09 15:55:27', '2025-07-09 15:55:27');
INSERT INTO `user` (`uuid`, `first_name`, `last_name`, `full_name`, `tenant_id`, `deleted`, `inactive`, `address`, `contact`, `email`, `created_on`, `modified_on`) VALUES ('637d77e4-0e5a-4873-ae39-89996047b5a8', 'Frank', 'Cox', 'Frank Cox', 'df234305-8a47-4b4d-8efb-716a6b695428', 0, 0, NULL, NULL, 'frank.cox@example.com', '2025-07-09 15:55:27', '2025-07-09 15:55:27');
INSERT INTO `user` (`uuid`, `first_name`, `last_name`, `full_name`, `tenant_id`, `deleted`, `inactive`, `address`, `contact`, `email`, `created_on`, `modified_on`) VALUES ('5bb6d4f1-05c0-410a-bf70-2c7f1758f94a', 'Rebecca', 'Carpenter', 'Rebecca Carpenter', 'df234305-8a47-4b4d-8efb-716a6b695428', 0, 0, NULL, NULL, 'rebecca.carpenter@example.com', '2025-07-09 15:55:27', '2025-07-09 15:55:27');
INSERT INTO `user` (`uuid`, `first_name`, `last_name`, `full_name`, `tenant_id`, `deleted`, `inactive`, `address`, `contact`, `email`, `created_on`, `modified_on`) VALUES ('a646c566-aabc-449e-9ecd-9198072e8fa3', 'Daniel', 'Rollins', 'Daniel Rollins', 'df234305-8a47-4b4d-8efb-716a6b695428', 0, 0, NULL, NULL, 'daniel.rollins@example.com', '2025-07-09 15:55:27', '2025-07-09 15:55:27');
INSERT INTO `user` (`uuid`, `first_name`, `last_name`, `full_name`, `tenant_id`, `deleted`, `inactive`, `address`, `contact`, `email`, `created_on`, `modified_on`) VALUES ('bb1b4601-5034-4b47-9faf-b05ac79402d1', 'Jacqueline', 'Reid', 'Jacqueline Reid', 'df234305-8a47-4b4d-8efb-716a6b695428', 0, 0, NULL, NULL, 'jacqueline.reid@example.com', '2025-07-09 15:55:27', '2025-07-09 15:55:27');
INSERT INTO `user` (`uuid`, `first_name`, `last_name`, `full_name`, `tenant_id`, `deleted`, `inactive`, `address`, `contact`, `email`, `created_on`, `modified_on`) VALUES ('ee61c088-d035-40da-ae6f-e36068506fa8', 'Richard', 'Norton', 'Richard Norton', 'df234305-8a47-4b4d-8efb-716a6b695428', 0, 0, NULL, NULL, 'richard.norton@example.com', '2025-07-09 15:55:27', '2025-07-09 15:55:27');
INSERT INTO `user` (`uuid`, `first_name`, `last_name`, `full_name`, `tenant_id`, `deleted`, `inactive`, `address`, `contact`, `email`, `created_on`, `modified_on`) VALUES ('c05b80ad-a863-4e12-9d33-4e619b90d64d', 'Amanda', 'Kidd PhD', 'Amanda Kidd PhD', 'df234305-8a47-4b4d-8efb-716a6b695428', 0, 0, NULL, NULL, 'amanda.kiddphd@example.com', '2025-07-09 15:55:27', '2025-07-09 15:55:27');
INSERT INTO `user` (`uuid`, `first_name`, `last_name`, `full_name`, `tenant_id`, `deleted`, `inactive`, `address`, `contact`, `email`, `created_on`, `modified_on`) VALUES ('e3567cca-71c6-4048-b362-d4199d521e89', 'Carolyn', 'Silva', 'Carolyn Silva', 'df234305-8a47-4b4d-8efb-716a6b695428', 0, 0, NULL, NULL, 'carolyn.silva@example.com', '2025-07-09 15:55:27', '2025-07-09 15:55:27');
INSERT INTO `user` (`uuid`, `first_name`, `last_name`, `full_name`, `tenant_id`, `deleted`, `inactive`, `address`, `contact`, `email`, `created_on`, `modified_on`) VALUES ('7fc25de7-05d6-4e6f-9b89-0373d616069e', 'Brianna', 'Brown', 'Brianna Brown', 'df234305-8a47-4b4d-8efb-716a6b695428', 0, 0, NULL, NULL, 'brianna.brown@example.com', '2025-07-09 15:55:27', '2025-07-09 15:55:27');
INSERT INTO `user` (`uuid`, `first_name`, `last_name`, `full_name`, `tenant_id`, `deleted`, `inactive`, `address`, `contact`, `email`, `created_on`, `modified_on`) VALUES ('7d1fb982-7ff6-4b09-8f02-e447f11c54fc', 'Melissa', 'Guzman', 'Melissa Guzman', 'df234305-8a47-4b4d-8efb-716a6b695428', 0, 0, NULL, NULL, 'melissa.guzman@example.com', '2025-07-09 15:55:27', '2025-07-09 15:55:27');
INSERT INTO `user` (`uuid`, `first_name`, `last_name`, `full_name`, `tenant_id`, `deleted`, `inactive`, `address`, `contact`, `email`, `created_on`, `modified_on`) VALUES ('73eb1545-9af2-49f8-88e0-92c937120f95', 'Colin', 'Waters', 'Colin Waters', 'df234305-8a47-4b4d-8efb-716a6b695428', 0, 0, NULL, NULL, 'colin.waters@example.com', '2025-07-09 15:55:27', '2025-07-09 15:55:27');
INSERT INTO `user` (`uuid`, `first_name`, `last_name`, `full_name`, `tenant_id`, `deleted`, `inactive`, `address`, `contact`, `email`, `created_on`, `modified_on`) VALUES ('7ef7c675-235c-47cf-87af-b78d186a32ad', 'Richard', 'Ellis', 'Richard Ellis', 'df234305-8a47-4b4d-8efb-716a6b695428', 0, 0, NULL, NULL, 'richard.ellis@example.com', '2025-07-09 15:55:27', '2025-07-09 15:55:27');
INSERT INTO `user` (`uuid`, `first_name`, `last_name`, `full_name`, `tenant_id`, `deleted`, `inactive`, `address`, `contact`, `email`, `created_on`, `modified_on`) VALUES ('2e17035c-58ab-4c3c-b332-9db1b2215564', 'Patty', 'Collins', 'Patty Collins', 'df234305-8a47-4b4d-8efb-716a6b695428', 0, 0, NULL, NULL, 'patty.collins@example.com', '2025-07-09 15:55:27', '2025-07-09 15:55:27');
INSERT INTO `user` (`uuid`, `first_name`, `last_name`, `full_name`, `tenant_id`, `deleted`, `inactive`, `address`, `contact`, `email`, `created_on`, `modified_on`) VALUES ('ee5a92ce-1fec-4606-a35c-7fbbece23c9c', 'Wayne', 'Clark', 'Wayne Clark', 'df234305-8a47-4b4d-8efb-716a6b695428', 0, 0, NULL, NULL, 'wayne.clark@example.com', '2025-07-09 15:55:27', '2025-07-09 15:55:27');
INSERT INTO `user` (`uuid`, `first_name`, `last_name`, `full_name`, `tenant_id`, `deleted`, `inactive`, `address`, `contact`, `email`, `created_on`, `modified_on`) VALUES ('16c3cfac-cda9-4f44-8a44-2d1e9f9a58c5', 'Nichole', 'Williams', 'Nichole Williams', 'df234305-8a47-4b4d-8efb-716a6b695428', 0, 0, NULL, NULL, 'nichole.williams@example.com', '2025-07-09 15:55:27', '2025-07-09 15:55:27');
INSERT INTO `user` (`uuid`, `first_name`, `last_name`, `full_name`, `tenant_id`, `deleted`, `inactive`, `address`, `contact`, `email`, `created_on`, `modified_on`) VALUES ('f06727f6-ec2f-485a-8177-50e1023597f6', 'Deborah', 'Christian', 'Deborah Christian', 'df234305-8a47-4b4d-8efb-716a6b695428', 0, 0, NULL, NULL, 'deborah.christian@example.com', '2025-07-09 15:55:27', '2025-07-09 15:55:27');
INSERT INTO `user` (`uuid`, `first_name`, `last_name`, `full_name`, `tenant_id`, `deleted`, `inactive`, `address`, `contact`, `email`, `created_on`, `modified_on`) VALUES ('bf43cbd1-d4be-4c97-9500-ecd8e2a5a66e', 'Jason', 'Perry', 'Jason Perry', 'df234305-8a47-4b4d-8efb-716a6b695428', 0, 0, NULL, NULL, 'jason.perry@example.com', '2025-07-09 15:55:27', '2025-07-09 15:55:27');
INSERT INTO `user` (`uuid`, `first_name`, `last_name`, `full_name`, `tenant_id`, `deleted`, `inactive`, `address`, `contact`, `email`, `created_on`, `modified_on`) VALUES ('16766877-16b1-4d44-9f33-eb213b75c82c', 'Jennifer', 'Brown', 'Jennifer Brown', 'df234305-8a47-4b4d-8efb-716a6b695428', 0, 0, NULL, NULL, 'jennifer.brown@example.com', '2025-07-09 15:55:27', '2025-07-09 15:55:27');
INSERT INTO `user` (`uuid`, `first_name`, `last_name`, `full_name`, `tenant_id`, `deleted`, `inactive`, `address`, `contact`, `email`, `created_on`, `modified_on`) VALUES ('a37a6142-6cdd-4d81-8901-471a748e2836', 'Michael', 'Robles', 'Michael Robles', 'df234305-8a47-4b4d-8efb-716a6b695428', 0, 0, NULL, NULL, 'michael.robles@example.com', '2025-07-09 15:55:27', '2025-07-09 15:55:27');
INSERT INTO `user` (`uuid`, `first_name`, `last_name`, `full_name`, `tenant_id`, `deleted`, `inactive`, `address`, `contact`, `email`, `created_on`, `modified_on`) VALUES ('fa5edd07-da57-4716-9257-773847f0a2b1', 'Shari', 'Nelson', 'Shari Nelson', 'df234305-8a47-4b4d-8efb-716a6b695428', 0, 0, NULL, NULL, 'shari.nelson@example.com', '2025-07-09 15:55:27', '2025-07-09 15:55:27');
INSERT INTO `user` (`uuid`, `first_name`, `last_name`, `full_name`, `tenant_id`, `deleted`, `inactive`, `address`, `contact`, `email`, `created_on`, `modified_on`) VALUES ('022aefb4-4015-407e-ad36-329fb22f298e', 'Heidi', 'Herring', 'Heidi Herring', 'df234305-8a47-4b4d-8efb-716a6b695428', 0, 0, NULL, NULL, 'heidi.herring@example.com', '2025-07-09 15:55:27', '2025-07-09 15:55:27');
INSERT INTO `user` (`uuid`, `first_name`, `last_name`, `full_name`, `tenant_id`, `deleted`, `inactive`, `address`, `contact`, `email`, `created_on`, `modified_on`) VALUES ('301741c2-c15c-4ccc-a6dc-4a37d1be4516', 'Jessica', 'Richardson', 'Jessica Richardson', 'df234305-8a47-4b4d-8efb-716a6b695428', 0, 0, NULL, NULL, 'jessica.richardson@example.com', '2025-07-09 15:55:27', '2025-07-09 15:55:27');
INSERT INTO `user` (`uuid`, `first_name`, `last_name`, `full_name`, `tenant_id`, `deleted`, `inactive`, `address`, `contact`, `email`, `created_on`, `modified_on`) VALUES ('75c65858-5091-442d-8100-4ddfc5fd2ac1', 'Richard', 'Miller', 'Richard Miller', 'df234305-8a47-4b4d-8efb-716a6b695428', 0, 0, NULL, NULL, 'richard.miller@example.com', '2025-07-09 15:55:27', '2025-07-09 15:55:27');
INSERT INTO `user` (`uuid`, `first_name`, `last_name`, `full_name`, `tenant_id`, `deleted`, `inactive`, `address`, `contact`, `email`, `created_on`, `modified_on`) VALUES ('0b0cf26f-3d61-4fc0-8968-f7fedf407b25', 'Wendy', 'Owen', 'Wendy Owen', 'df234305-8a47-4b4d-8efb-716a6b695428', 0, 0, NULL, NULL, 'wendy.owen@example.com', '2025-07-09 15:55:27', '2025-07-09 15:55:27');
INSERT INTO `user` (`uuid`, `first_name`, `last_name`, `full_name`, `tenant_id`, `deleted`, `inactive`, `address`, `contact`, `email`, `created_on`, `modified_on`) VALUES ('b8e14dfc-ddc0-4977-96e5-e989b152b216', 'Diana', 'Harding', 'Diana Harding', 'df234305-8a47-4b4d-8efb-716a6b695428', 0, 0, NULL, NULL, 'diana.harding@example.com', '2025-07-09 15:55:27', '2025-07-09 15:55:27');
INSERT INTO `user` (`uuid`, `first_name`, `last_name`, `full_name`, `tenant_id`, `deleted`, `inactive`, `address`, `contact`, `email`, `created_on`, `modified_on`) VALUES ('74280aa6-9936-439c-9e61-4ee622396903', 'Jeremy', 'Bell', 'Jeremy Bell', 'df234305-8a47-4b4d-8efb-716a6b695428', 0, 0, NULL, NULL, 'jeremy.bell@example.com', '2025-07-09 15:55:27', '2025-07-09 15:55:27');
INSERT INTO `user` (`uuid`, `first_name`, `last_name`, `full_name`, `tenant_id`, `deleted`, `inactive`, `address`, `contact`, `email`, `created_on`, `modified_on`) VALUES ('b7749089-39ce-4df1-9bf6-ed1ad21f2184', 'Emily', 'Pearson', 'Emily Pearson', 'df234305-8a47-4b4d-8efb-716a6b695428', 0, 0, NULL, NULL, 'emily.pearson@example.com', '2025-07-09 15:55:27', '2025-07-09 15:55:27');
INSERT INTO `user` (`uuid`, `first_name`, `last_name`, `full_name`, `tenant_id`, `deleted`, `inactive`, `address`, `contact`, `email`, `created_on`, `modified_on`) VALUES ('0b34b924-3a93-4d20-a60e-0edbfac49588', 'Robert', 'Gay', 'Robert Gay', 'df234305-8a47-4b4d-8efb-716a6b695428', 0, 0, NULL, NULL, 'robert.gay@example.com', '2025-07-09 15:55:27', '2025-07-09 15:55:27');
INSERT INTO `user` (`uuid`, `first_name`, `last_name`, `full_name`, `tenant_id`, `deleted`, `inactive`, `address`, `contact`, `email`, `created_on`, `modified_on`) VALUES ('4a623dff-9662-4314-9746-8a97f7d1ccba', 'Brenda', 'Smith', 'Brenda Smith', 'df234305-8a47-4b4d-8efb-716a6b695428', 0, 0, NULL, NULL, 'brenda.smith@example.com', '2025-07-09 15:55:27', '2025-07-09 15:55:27');
INSERT INTO `user` (`uuid`, `first_name`, `last_name`, `full_name`, `tenant_id`, `deleted`, `inactive`, `address`, `contact`, `email`, `created_on`, `modified_on`) VALUES ('5250329c-80b2-4277-843b-327c653c0c05', 'Julie', 'Gibson', 'Julie Gibson', 'df234305-8a47-4b4d-8efb-716a6b695428', 0, 0, NULL, NULL, 'julie.gibson@example.com', '2025-07-09 15:55:27', '2025-07-09 15:55:27');
INSERT INTO `user` (`uuid`, `first_name`, `last_name`, `full_name`, `tenant_id`, `deleted`, `inactive`, `address`, `contact`, `email`, `created_on`, `modified_on`) VALUES ('9a304f92-c9bd-4528-b023-c565416da4ff', 'Michele', 'Sanchez', 'Michele Sanchez', 'df234305-8a47-4b4d-8efb-716a6b695428', 0, 0, NULL, NULL, 'michele.sanchez@example.com', '2025-07-09 15:55:27', '2025-07-09 15:55:27');
INSERT INTO `user` (`uuid`, `first_name`, `last_name`, `full_name`, `tenant_id`, `deleted`, `inactive`, `address`, `contact`, `email`, `created_on`, `modified_on`) VALUES ('5732bec1-357c-4446-bce5-b9dfd9c0dae0', 'Katherine', 'Brown', 'Katherine Brown', 'df234305-8a47-4b4d-8efb-716a6b695428', 0, 0, NULL, NULL, 'katherine.brown@example.com', '2025-07-09 15:55:27', '2025-07-09 15:55:27');
INSERT INTO `user` (`uuid`, `first_name`, `last_name`, `full_name`, `tenant_id`, `deleted`, `inactive`, `address`, `contact`, `email`, `created_on`, `modified_on`) VALUES ('20b7f052-d8b4-40be-9d8c-ca95f2c28d37', 'Connor', 'Griffith', 'Connor Griffith', 'df234305-8a47-4b4d-8efb-716a6b695428', 0, 0, NULL, NULL, 'connor.griffith@example.com', '2025-07-09 15:55:27', '2025-07-09 15:55:27');
INSERT INTO `user` (`uuid`, `first_name`, `last_name`, `full_name`, `tenant_id`, `deleted`, `inactive`, `address`, `contact`, `email`, `created_on`, `modified_on`) VALUES ('32f64266-4bb9-4bf3-b879-d237154cab2b', 'April', 'Cisneros', 'April Cisneros', 'df234305-8a47-4b4d-8efb-716a6b695428', 0, 0, NULL, NULL, 'april.cisneros@example.com', '2025-07-09 15:55:27', '2025-07-09 15:55:27');
INSERT INTO `user` (`uuid`, `first_name`, `last_name`, `full_name`, `tenant_id`, `deleted`, `inactive`, `address`, `contact`, `email`, `created_on`, `modified_on`) VALUES ('5ae79865-fb2f-4fbe-bfb4-643132d455d9', 'Mr.', 'Sean Wallace', 'Mr. Sean Wallace', 'df234305-8a47-4b4d-8efb-716a6b695428', 0, 0, NULL, NULL, 'mr..seanwallace@example.com', '2025-07-09 15:55:27', '2025-07-09 15:55:27');
INSERT INTO `user` (`uuid`, `first_name`, `last_name`, `full_name`, `tenant_id`, `deleted`, `inactive`, `address`, `contact`, `email`, `created_on`, `modified_on`) VALUES ('58782a84-c590-49f2-8f4f-8aa0c7cfdf5b', 'Megan', 'Shaffer', 'Megan Shaffer', 'df234305-8a47-4b4d-8efb-716a6b695428', 0, 0, NULL, NULL, 'megan.shaffer@example.com', '2025-07-09 15:55:27', '2025-07-09 15:55:27');
INSERT INTO `user` (`uuid`, `first_name`, `last_name`, `full_name`, `tenant_id`, `deleted`, `inactive`, `address`, `contact`, `email`, `created_on`, `modified_on`) VALUES ('debc9f41-7fe4-457a-a1ce-11283aec1b4c', 'Kenneth', 'Cisneros', 'Kenneth Cisneros', 'df234305-8a47-4b4d-8efb-716a6b695428', 0, 0, NULL, NULL, 'kenneth.cisneros@example.com', '2025-07-09 15:55:27', '2025-07-09 15:55:27');
INSERT INTO `user` (`uuid`, `first_name`, `last_name`, `full_name`, `tenant_id`, `deleted`, `inactive`, `address`, `contact`, `email`, `created_on`, `modified_on`) VALUES ('9d6401e2-467b-4156-975d-db0820f1ee73', 'Keith', 'Dunn', 'Keith Dunn', 'df234305-8a47-4b4d-8efb-716a6b695428', 0, 0, NULL, NULL, 'keith.dunn@example.com', '2025-07-09 15:55:27', '2025-07-09 15:55:27');
INSERT INTO `user` (`uuid`, `first_name`, `last_name`, `full_name`, `tenant_id`, `deleted`, `inactive`, `address`, `contact`, `email`, `created_on`, `modified_on`) VALUES ('ed41993d-d6a0-4a26-8d58-d4feea7538a7', 'Joan', 'Giles', 'Joan Giles', 'df234305-8a47-4b4d-8efb-716a6b695428', 0, 0, NULL, NULL, 'joan.giles@example.com', '2025-07-09 15:55:27', '2025-07-09 15:55:27');
INSERT INTO `user` (`uuid`, `first_name`, `last_name`, `full_name`, `tenant_id`, `deleted`, `inactive`, `address`, `contact`, `email`, `created_on`, `modified_on`) VALUES ('3f96be5d-9015-4e07-8247-301a0793e05c', 'Katelyn', 'Simmons PhD', 'Katelyn Simmons PhD', 'df234305-8a47-4b4d-8efb-716a6b695428', 0, 0, NULL, NULL, 'katelyn.simmonsphd@example.com', '2025-07-09 15:55:27', '2025-07-09 15:55:27');
INSERT INTO `user` (`uuid`, `first_name`, `last_name`, `full_name`, `tenant_id`, `deleted`, `inactive`, `address`, `contact`, `email`, `created_on`, `modified_on`) VALUES ('fc79b8fd-652a-494d-9304-5011c60bc4f9', 'Rebecca', 'Green', 'Rebecca Green', 'df234305-8a47-4b4d-8efb-716a6b695428', 0, 0, NULL, NULL, 'rebecca.green@example.com', '2025-07-09 15:55:27', '2025-07-09 15:55:27');
INSERT INTO `user` (`uuid`, `first_name`, `last_name`, `full_name`, `tenant_id`, `deleted`, `inactive`, `address`, `contact`, `email`, `created_on`, `modified_on`) VALUES ('20b9c6e9-feb7-46f8-9b45-08a9dce0efab', 'Lawrence', 'Burns', 'Lawrence Burns', 'df234305-8a47-4b4d-8efb-716a6b695428', 0, 0, NULL, NULL, 'lawrence.burns@example.com', '2025-07-09 15:55:27', '2025-07-09 15:55:27');
INSERT INTO `user` (`uuid`, `first_name`, `last_name`, `full_name`, `tenant_id`, `deleted`, `inactive`, `address`, `contact`, `email`, `created_on`, `modified_on`) VALUES ('c16b5d8a-8a71-43fa-ae42-359271f8e6df', 'Susan', 'Garcia', 'Susan Garcia', 'df234305-8a47-4b4d-8efb-716a6b695428', 0, 0, NULL, NULL, 'susan.garcia@example.com', '2025-07-09 15:55:27', '2025-07-09 15:55:27');
INSERT INTO `user` (`uuid`, `first_name`, `last_name`, `full_name`, `tenant_id`, `deleted`, `inactive`, `address`, `contact`, `email`, `created_on`, `modified_on`) VALUES ('5faca85f-78b1-4771-ba36-67b012c19751', 'Erik', 'Landry', 'Erik Landry', 'df234305-8a47-4b4d-8efb-716a6b695428', 0, 0, NULL, NULL, 'erik.landry@example.com', '2025-07-09 15:55:27', '2025-07-09 15:55:27');
INSERT INTO `user` (`uuid`, `first_name`, `last_name`, `full_name`, `tenant_id`, `deleted`, `inactive`, `address`, `contact`, `email`, `created_on`, `modified_on`) VALUES ('09c042e9-08ac-4b3d-8c47-c076fb6b84a2', 'Anthony', 'Bernard', 'Anthony Bernard', 'df234305-8a47-4b4d-8efb-716a6b695428', 0, 0, NULL, NULL, 'anthony.bernard@example.com', '2025-07-09 15:55:27', '2025-07-09 15:55:27');
INSERT INTO `user` (`uuid`, `first_name`, `last_name`, `full_name`, `tenant_id`, `deleted`, `inactive`, `address`, `contact`, `email`, `created_on`, `modified_on`) VALUES ('13180c77-ce54-484d-b63f-acc2e5075dc5', 'Todd', 'Pruitt', 'Todd Pruitt', 'df234305-8a47-4b4d-8efb-716a6b695428', 0, 0, NULL, NULL, 'todd.pruitt@example.com', '2025-07-09 15:55:27', '2025-07-09 15:55:27');
INSERT INTO `user` (`uuid`, `first_name`, `last_name`, `full_name`, `tenant_id`, `deleted`, `inactive`, `address`, `contact`, `email`, `created_on`, `modified_on`) VALUES ('bcc61878-514b-4068-be4a-c46377d7e851', 'Jorge', 'Moore', 'Jorge Moore', 'df234305-8a47-4b4d-8efb-716a6b695428', 0, 0, NULL, NULL, 'jorge.moore@example.com', '2025-07-09 15:55:27', '2025-07-09 15:55:27');
INSERT INTO `user` (`uuid`, `first_name`, `last_name`, `full_name`, `tenant_id`, `deleted`, `inactive`, `address`, `contact`, `email`, `created_on`, `modified_on`) VALUES ('2d7283a5-4bed-4b28-8629-23984052ae95', 'Clayton', 'Nelson', 'Clayton Nelson', 'df234305-8a47-4b4d-8efb-716a6b695428', 0, 0, NULL, NULL, 'clayton.nelson@example.com', '2025-07-09 15:55:27', '2025-07-09 15:55:27');
INSERT INTO `user` (`uuid`, `first_name`, `last_name`, `full_name`, `tenant_id`, `deleted`, `inactive`, `address`, `contact`, `email`, `created_on`, `modified_on`) VALUES ('0e24111e-4a38-48b7-8ce7-98573b0a0b92', 'Laura', 'Massey', 'Laura Massey', 'df234305-8a47-4b4d-8efb-716a6b695428', 0, 0, NULL, NULL, 'laura.massey@example.com', '2025-07-09 15:55:27', '2025-07-09 15:55:27');
INSERT INTO `user` (`uuid`, `first_name`, `last_name`, `full_name`, `tenant_id`, `deleted`, `inactive`, `address`, `contact`, `email`, `created_on`, `modified_on`) VALUES ('06f35d07-f9a5-4101-a507-5c9ae6ff2a0f', 'Debbie', 'Payne', 'Debbie Payne', 'df234305-8a47-4b4d-8efb-716a6b695428', 0, 0, NULL, NULL, 'debbie.payne@example.com', '2025-07-09 15:55:27', '2025-07-09 15:55:27');
INSERT INTO `user` (`uuid`, `first_name`, `last_name`, `full_name`, `tenant_id`, `deleted`, `inactive`, `address`, `contact`, `email`, `created_on`, `modified_on`) VALUES ('5f14d5ff-f450-4190-b076-6c3de95aea52', 'Walter', 'Munoz', 'Walter Munoz', 'df234305-8a47-4b4d-8efb-716a6b695428', 0, 0, NULL, NULL, 'walter.munoz@example.com', '2025-07-09 15:55:27', '2025-07-09 15:55:27');
INSERT INTO `user` (`uuid`, `first_name`, `last_name`, `full_name`, `tenant_id`, `deleted`, `inactive`, `address`, `contact`, `email`, `created_on`, `modified_on`) VALUES ('7215d2bd-30ce-4c00-ba76-e2af13770676', 'Sean', 'Perkins', 'Sean Perkins', 'df234305-8a47-4b4d-8efb-716a6b695428', 0, 0, NULL, NULL, 'sean.perkins@example.com', '2025-07-09 15:55:27', '2025-07-09 15:55:27');
INSERT INTO `user` (`uuid`, `first_name`, `last_name`, `full_name`, `tenant_id`, `deleted`, `inactive`, `address`, `contact`, `email`, `created_on`, `modified_on`) VALUES ('a09ae28d-e295-47f7-88b3-eebe365e162b', 'Robert', 'Cook', 'Robert Cook', 'df234305-8a47-4b4d-8efb-716a6b695428', 0, 0, NULL, NULL, 'robert.cook@example.com', '2025-07-09 15:55:27', '2025-07-09 15:55:27');
INSERT INTO `user` (`uuid`, `first_name`, `last_name`, `full_name`, `tenant_id`, `deleted`, `inactive`, `address`, `contact`, `email`, `created_on`, `modified_on`) VALUES ('27b6563f-6434-4861-9771-7770991e0789', 'Robert', 'Holt', 'Robert Holt', 'df234305-8a47-4b4d-8efb-716a6b695428', 0, 0, NULL, NULL, 'robert.holt@example.com', '2025-07-09 15:55:27', '2025-07-09 15:55:27');
INSERT INTO `user` (`uuid`, `first_name`, `last_name`, `full_name`, `tenant_id`, `deleted`, `inactive`, `address`, `contact`, `email`, `created_on`, `modified_on`) VALUES ('41d08787-f761-4338-a44a-b684196f6d7c', 'Timothy', 'Dixon', 'Timothy Dixon', 'df234305-8a47-4b4d-8efb-716a6b695428', 0, 0, NULL, NULL, 'timothy.dixon@example.com', '2025-07-09 15:55:27', '2025-07-09 15:55:27');
INSERT INTO `user` (`uuid`, `first_name`, `last_name`, `full_name`, `tenant_id`, `deleted`, `inactive`, `address`, `contact`, `email`, `created_on`, `modified_on`) VALUES ('662dc541-fcd2-4cf3-a882-38fe0bfc6a70', 'John', 'Barnes', 'John Barnes', 'df234305-8a47-4b4d-8efb-716a6b695428', 0, 0, NULL, NULL, 'john.barnes@example.com', '2025-07-09 15:55:27', '2025-07-09 15:55:27');
INSERT INTO `user` (`uuid`, `first_name`, `last_name`, `full_name`, `tenant_id`, `deleted`, `inactive`, `address`, `contact`, `email`, `created_on`, `modified_on`) VALUES ('4ed1a269-cda3-455e-adb8-aefd51c4ad8d', 'Rebecca', 'Wiggins', 'Rebecca Wiggins', 'df234305-8a47-4b4d-8efb-716a6b695428', 0, 0, NULL, NULL, 'rebecca.wiggins@example.com', '2025-07-09 15:55:27', '2025-07-09 15:55:27');
INSERT INTO `user` (`uuid`, `first_name`, `last_name`, `full_name`, `tenant_id`, `deleted`, `inactive`, `address`, `contact`, `email`, `created_on`, `modified_on`) VALUES ('e5a22517-c158-42a4-a126-91b0b9736c98', 'Dustin', 'Wilson', 'Dustin Wilson', 'df234305-8a47-4b4d-8efb-716a6b695428', 0, 0, NULL, NULL, 'dustin.wilson@example.com', '2025-07-09 15:55:27', '2025-07-09 15:55:27');
INSERT INTO `user` (`uuid`, `first_name`, `last_name`, `full_name`, `tenant_id`, `deleted`, `inactive`, `address`, `contact`, `email`, `created_on`, `modified_on`) VALUES ('481b8a10-2ab3-4c32-9578-802e62e056d1', 'Cynthia', 'Butler', 'Cynthia Butler', 'df234305-8a47-4b4d-8efb-716a6b695428', 0, 0, NULL, NULL, 'cynthia.butler@example.com', '2025-07-09 15:55:27', '2025-07-09 15:55:27');
INSERT INTO `user` (`uuid`, `first_name`, `last_name`, `full_name`, `tenant_id`, `deleted`, `inactive`, `address`, `contact`, `email`, `created_on`, `modified_on`) VALUES ('4d99d0b6-91b4-43ae-88ff-d940df12b101', 'Kathryn', 'Jones', 'Kathryn Jones', 'df234305-8a47-4b4d-8efb-716a6b695428', 0, 0, NULL, NULL, 'kathryn.jones@example.com', '2025-07-09 15:55:27', '2025-07-09 15:55:27');
INSERT INTO `user` (`uuid`, `first_name`, `last_name`, `full_name`, `tenant_id`, `deleted`, `inactive`, `address`, `contact`, `email`, `created_on`, `modified_on`) VALUES ('0352f9dd-b448-4a1e-a434-4d5c3168e2cf', 'Manuel', 'Roman', 'Manuel Roman', 'df234305-8a47-4b4d-8efb-716a6b695428', 0, 0, NULL, NULL, 'manuel.roman@example.com', '2025-07-09 15:55:27', '2025-07-09 15:55:27');
INSERT INTO `user` (`uuid`, `first_name`, `last_name`, `full_name`, `tenant_id`, `deleted`, `inactive`, `address`, `contact`, `email`, `created_on`, `modified_on`) VALUES ('cb677d76-67e9-473b-a0ce-b0b2f44c183c', 'Kathryn', 'Phillips', 'Kathryn Phillips', 'df234305-8a47-4b4d-8efb-716a6b695428', 0, 0, NULL, NULL, 'kathryn.phillips@example.com', '2025-07-09 15:55:27', '2025-07-09 15:55:27');
INSERT INTO `user` (`uuid`, `first_name`, `last_name`, `full_name`, `tenant_id`, `deleted`, `inactive`, `address`, `contact`, `email`, `created_on`, `modified_on`) VALUES ('95aaef32-7567-458e-b02c-701f8e4dc102', 'Shelly', 'Marshall', 'Shelly Marshall', 'df234305-8a47-4b4d-8efb-716a6b695428', 0, 0, NULL, NULL, 'shelly.marshall@example.com', '2025-07-09 15:55:27', '2025-07-09 15:55:27');
INSERT INTO `user` (`uuid`, `first_name`, `last_name`, `full_name`, `tenant_id`, `deleted`, `inactive`, `address`, `contact`, `email`, `created_on`, `modified_on`) VALUES ('3de7176b-5b7a-4cd0-a0bc-2617bf551cd1', 'Bonnie', 'Sims', 'Bonnie Sims', 'df234305-8a47-4b4d-8efb-716a6b695428', 0, 0, NULL, NULL, 'bonnie.sims@example.com', '2025-07-09 15:55:27', '2025-07-09 15:55:27');
INSERT INTO `user` (`uuid`, `first_name`, `last_name`, `full_name`, `tenant_id`, `deleted`, `inactive`, `address`, `contact`, `email`, `created_on`, `modified_on`) VALUES ('4ea9fdc9-15aa-4b56-a4d9-8505298d0c75', 'Brandon', 'Blackburn', 'Brandon Blackburn', 'df234305-8a47-4b4d-8efb-716a6b695428', 0, 0, NULL, NULL, 'brandon.blackburn@example.com', '2025-07-09 15:55:27', '2025-07-09 15:55:27');
INSERT INTO `user` (`uuid`, `first_name`, `last_name`, `full_name`, `tenant_id`, `deleted`, `inactive`, `address`, `contact`, `email`, `created_on`, `modified_on`) VALUES ('43f21168-2bbb-4e4b-bfac-733e82b7833c', 'Angela', 'Mayo', 'Angela Mayo', 'df234305-8a47-4b4d-8efb-716a6b695428', 0, 0, NULL, NULL, 'angela.mayo@example.com', '2025-07-09 15:55:27', '2025-07-09 15:55:27');
INSERT INTO `user` (`uuid`, `first_name`, `last_name`, `full_name`, `tenant_id`, `deleted`, `inactive`, `address`, `contact`, `email`, `created_on`, `modified_on`) VALUES ('fe88edee-33f6-4857-9ec0-3309518a3caa', 'Marie', 'Pitts', 'Marie Pitts', 'df234305-8a47-4b4d-8efb-716a6b695428', 0, 0, NULL, NULL, 'marie.pitts@example.com', '2025-07-09 15:55:27', '2025-07-09 15:55:27');
INSERT INTO `user` (`uuid`, `first_name`, `last_name`, `full_name`, `tenant_id`, `deleted`, `inactive`, `address`, `contact`, `email`, `created_on`, `modified_on`) VALUES ('884c5d6c-f29e-4050-8bfd-e0969cf0f601', 'Dorothy', 'Rubio', 'Dorothy Rubio', 'df234305-8a47-4b4d-8efb-716a6b695428', 0, 0, NULL, NULL, 'dorothy.rubio@example.com', '2025-07-09 15:55:27', '2025-07-09 15:55:27');
INSERT INTO `user` (`uuid`, `first_name`, `last_name`, `full_name`, `tenant_id`, `deleted`, `inactive`, `address`, `contact`, `email`, `created_on`, `modified_on`) VALUES ('5287411f-5a43-4caf-b48e-d0c669e7eecb', 'Roy', 'Mann', 'Roy Mann', 'df234305-8a47-4b4d-8efb-716a6b695428', 0, 0, NULL, NULL, 'roy.mann@example.com', '2025-07-09 15:55:27', '2025-07-09 15:55:27');
INSERT INTO `user` (`uuid`, `first_name`, `last_name`, `full_name`, `tenant_id`, `deleted`, `inactive`, `address`, `contact`, `email`, `created_on`, `modified_on`) VALUES ('7663a5fd-8809-4960-86e0-4b5e8c3fb786', 'Jessica', 'Hernandez', 'Jessica Hernandez', 'df234305-8a47-4b4d-8efb-716a6b695428', 0, 0, NULL, NULL, 'jessica.hernandez@example.com', '2025-07-09 15:55:27', '2025-07-09 15:55:27');
INSERT INTO `user` (`uuid`, `first_name`, `last_name`, `full_name`, `tenant_id`, `deleted`, `inactive`, `address`, `contact`, `email`, `created_on`, `modified_on`) VALUES ('371e67c5-c130-4f68-8df0-3867f57c16cf', 'Brandon', 'Hernandez', 'Brandon Hernandez', 'df234305-8a47-4b4d-8efb-716a6b695428', 0, 0, NULL, NULL, 'brandon.hernandez@example.com', '2025-07-09 15:55:27', '2025-07-09 15:55:27');
INSERT INTO `user` (`uuid`, `first_name`, `last_name`, `full_name`, `tenant_id`, `deleted`, `inactive`, `address`, `contact`, `email`, `created_on`, `modified_on`) VALUES ('cd6e9073-886f-4961-8cda-d48cfa7c2459', 'Kevin', 'Tate', 'Kevin Tate', 'df234305-8a47-4b4d-8efb-716a6b695428', 0, 0, NULL, NULL, 'kevin.tate@example.com', '2025-07-09 15:55:27', '2025-07-09 15:55:27');
INSERT INTO `user` (`uuid`, `first_name`, `last_name`, `full_name`, `tenant_id`, `deleted`, `inactive`, `address`, `contact`, `email`, `created_on`, `modified_on`) VALUES ('7638b448-8fe0-4cf0-af36-84d58d38a5ae', 'Erica', 'Moore', 'Erica Moore', 'df234305-8a47-4b4d-8efb-716a6b695428', 0, 0, NULL, NULL, 'erica.moore@example.com', '2025-07-09 15:55:27', '2025-07-09 15:55:27');
INSERT INTO `user` (`uuid`, `first_name`, `last_name`, `full_name`, `tenant_id`, `deleted`, `inactive`, `address`, `contact`, `email`, `created_on`, `modified_on`) VALUES ('975926e2-53a7-4bd3-841f-a7f7b9144c1b', 'Jennifer', 'Gibson', 'Jennifer Gibson', 'df234305-8a47-4b4d-8efb-716a6b695428', 0, 0, NULL, NULL, 'jennifer.gibson@example.com', '2025-07-09 15:55:27', '2025-07-09 15:55:27');
INSERT INTO `user` (`uuid`, `first_name`, `last_name`, `full_name`, `tenant_id`, `deleted`, `inactive`, `address`, `contact`, `email`, `created_on`, `modified_on`) VALUES ('5f83c54c-2ba9-406f-bd28-8e357db4f931', 'William', 'Carney', 'William Carney', 'df234305-8a47-4b4d-8efb-716a6b695428', 0, 0, NULL, NULL, 'william.carney@example.com', '2025-07-09 15:55:27', '2025-07-09 15:55:27');
INSERT INTO `user` (`uuid`, `first_name`, `last_name`, `full_name`, `tenant_id`, `deleted`, `inactive`, `address`, `contact`, `email`, `created_on`, `modified_on`) VALUES ('92180d98-cfae-4637-961d-61dd176d66c0', 'Jennifer', 'Medina', 'Jennifer Medina', 'df234305-8a47-4b4d-8efb-716a6b695428', 0, 0, NULL, NULL, 'jennifer.medina@example.com', '2025-07-09 15:55:27', '2025-07-09 15:55:27');
INSERT INTO `user` (`uuid`, `first_name`, `last_name`, `full_name`, `tenant_id`, `deleted`, `inactive`, `address`, `contact`, `email`, `created_on`, `modified_on`) VALUES ('c4bafbc9-462e-4691-9e9e-776781a61a39', 'Aaron', 'Vance', 'Aaron Vance', 'df234305-8a47-4b4d-8efb-716a6b695428', 0, 0, NULL, NULL, 'aaron.vance@example.com', '2025-07-09 15:55:27', '2025-07-09 15:55:27');
INSERT INTO `user` (`uuid`, `first_name`, `last_name`, `full_name`, `tenant_id`, `deleted`, `inactive`, `address`, `contact`, `email`, `created_on`, `modified_on`) VALUES ('2d4c5d2f-bcec-4a31-ad52-181e38bb169a', 'Kimberly', 'White', 'Kimberly White', 'df234305-8a47-4b4d-8efb-716a6b695428', 0, 0, NULL, NULL, 'kimberly.white@example.com', '2025-07-09 15:55:27', '2025-07-09 15:55:27');
INSERT INTO `user` (`uuid`, `first_name`, `last_name`, `full_name`, `tenant_id`, `deleted`, `inactive`, `address`, `contact`, `email`, `created_on`, `modified_on`) VALUES ('7c97bbd0-095f-4c28-98ae-e873d056ae9d', 'Brian', 'Shannon', 'Brian Shannon', 'df234305-8a47-4b4d-8efb-716a6b695428', 0, 0, NULL, NULL, 'brian.shannon@example.com', '2025-07-09 15:55:27', '2025-07-09 15:55:27');
INSERT INTO `user` (`uuid`, `first_name`, `last_name`, `full_name`, `tenant_id`, `deleted`, `inactive`, `address`, `contact`, `email`, `created_on`, `modified_on`) VALUES ('04e058b8-7ca4-4034-a670-340f58f49ea8', 'Logan', 'Webb', 'Logan Webb', 'df234305-8a47-4b4d-8efb-716a6b695428', 0, 0, NULL, NULL, 'logan.webb@example.com', '2025-07-09 15:55:27', '2025-07-09 15:55:27');
INSERT INTO `user` (`uuid`, `first_name`, `last_name`, `full_name`, `tenant_id`, `deleted`, `inactive`, `address`, `contact`, `email`, `created_on`, `modified_on`) VALUES ('1b7bdc4f-547c-4d7b-981a-bdef54bf6262', 'Kimberly', 'Jones', 'Kimberly Jones', 'df234305-8a47-4b4d-8efb-716a6b695428', 0, 0, NULL, NULL, 'kimberly.jones@example.com', '2025-07-09 15:55:27', '2025-07-09 15:55:27');
INSERT INTO `user` (`uuid`, `first_name`, `last_name`, `full_name`, `tenant_id`, `deleted`, `inactive`, `address`, `contact`, `email`, `created_on`, `modified_on`) VALUES ('d3c01887-ef5c-4915-afbd-b41840f40794', 'Mr.', 'Joseph Sharp MD', 'Mr. Joseph Sharp MD', 'df234305-8a47-4b4d-8efb-716a6b695428', 0, 0, NULL, NULL, 'mr..josephsharpmd@example.com', '2025-07-09 15:55:27', '2025-07-09 15:55:27');
INSERT INTO `user` (`uuid`, `first_name`, `last_name`, `full_name`, `tenant_id`, `deleted`, `inactive`, `address`, `contact`, `email`, `created_on`, `modified_on`) VALUES ('01dd74b4-fa47-4c1e-bcdc-2fbf2a49e8d6', 'Thomas', 'Barnes', 'Thomas Barnes', 'df234305-8a47-4b4d-8efb-716a6b695428', 0, 0, NULL, NULL, 'thomas.barnes@example.com', '2025-07-09 15:55:27', '2025-07-09 15:55:27');
INSERT INTO `user` (`uuid`, `first_name`, `last_name`, `full_name`, `tenant_id`, `deleted`, `inactive`, `address`, `contact`, `email`, `created_on`, `modified_on`) VALUES ('33595f12-c28a-4d99-a7c0-b663bc1de882', 'Glenn', 'Mitchell', 'Glenn Mitchell', 'df234305-8a47-4b4d-8efb-716a6b695428', 0, 0, NULL, NULL, 'glenn.mitchell@example.com', '2025-07-09 15:55:27', '2025-07-09 15:55:27');
INSERT INTO `user` (`uuid`, `first_name`, `last_name`, `full_name`, `tenant_id`, `deleted`, `inactive`, `address`, `contact`, `email`, `created_on`, `modified_on`) VALUES ('e9b9d121-e02d-4a01-b074-4b05855d652c', 'Kimberly', 'Peters', 'Kimberly Peters', 'df234305-8a47-4b4d-8efb-716a6b695428', 0, 0, NULL, NULL, 'kimberly.peters@example.com', '2025-07-09 15:55:27', '2025-07-09 15:55:27');
INSERT INTO `user` (`uuid`, `first_name`, `last_name`, `full_name`, `tenant_id`, `deleted`, `inactive`, `address`, `contact`, `email`, `created_on`, `modified_on`) VALUES ('6694dfa1-9940-4844-ac17-64b831b98c67', 'Michelle', 'Bennett', 'Michelle Bennett', 'df234305-8a47-4b4d-8efb-716a6b695428', 0, 0, NULL, NULL, 'michelle.bennett@example.com', '2025-07-09 15:55:27', '2025-07-09 15:55:27');
INSERT INTO `user` (`uuid`, `first_name`, `last_name`, `full_name`, `tenant_id`, `deleted`, `inactive`, `address`, `contact`, `email`, `created_on`, `modified_on`) VALUES ('cc4a221e-cbc6-4e96-9df4-d4f57c57e90b', 'Pamela', 'Herrera', 'Pamela Herrera', 'df234305-8a47-4b4d-8efb-716a6b695428', 0, 0, NULL, NULL, 'pamela.herrera@example.com', '2025-07-09 15:55:27', '2025-07-09 15:55:27');
INSERT INTO `user` (`uuid`, `first_name`, `last_name`, `full_name`, `tenant_id`, `deleted`, `inactive`, `address`, `contact`, `email`, `created_on`, `modified_on`) VALUES ('a3356a8d-7ec5-4949-8c1a-01bbe0f60e98', 'Michael', 'Anderson', 'Michael Anderson', 'df234305-8a47-4b4d-8efb-716a6b695428', 0, 0, NULL, NULL, 'michael.anderson@example.com', '2025-07-09 15:55:27', '2025-07-09 15:55:27');
INSERT INTO `user` (`uuid`, `first_name`, `last_name`, `full_name`, `tenant_id`, `deleted`, `inactive`, `address`, `contact`, `email`, `created_on`, `modified_on`) VALUES ('a0cd7967-e800-4865-af82-718bb9688d8a', 'Ryan', 'Freeman', 'Ryan Freeman', 'df234305-8a47-4b4d-8efb-716a6b695428', 0, 0, NULL, NULL, 'ryan.freeman@example.com', '2025-07-09 15:55:27', '2025-07-09 15:55:27');
INSERT INTO `user` (`uuid`, `first_name`, `last_name`, `full_name`, `tenant_id`, `deleted`, `inactive`, `address`, `contact`, `email`, `created_on`, `modified_on`) VALUES ('a0f713d1-58c7-4767-a3d1-0ecd25acbe3c', 'Tara', 'Hernandez', 'Tara Hernandez', 'df234305-8a47-4b4d-8efb-716a6b695428', 0, 0, NULL, NULL, 'tara.hernandez@example.com', '2025-07-09 15:55:27', '2025-07-09 15:55:27');
INSERT INTO `user` (`uuid`, `first_name`, `last_name`, `full_name`, `tenant_id`, `deleted`, `inactive`, `address`, `contact`, `email`, `created_on`, `modified_on`) VALUES ('23a39f54-2a77-485f-a141-3acb1da0ff8c', 'Jamie', 'Vazquez', 'Jamie Vazquez', 'df234305-8a47-4b4d-8efb-716a6b695428', 0, 0, NULL, NULL, 'jamie.vazquez@example.com', '2025-07-09 15:55:27', '2025-07-09 15:55:27');
INSERT INTO `user` (`uuid`, `first_name`, `last_name`, `full_name`, `tenant_id`, `deleted`, `inactive`, `address`, `contact`, `email`, `created_on`, `modified_on`) VALUES ('e127a0ee-3550-4eb9-b4bd-ecc3b4336707', 'Andrew', 'Williams', 'Andrew Williams', 'df234305-8a47-4b4d-8efb-716a6b695428', 0, 0, NULL, NULL, 'andrew.williams@example.com', '2025-07-09 15:55:27', '2025-07-09 15:55:27');
INSERT INTO `user` (`uuid`, `first_name`, `last_name`, `full_name`, `tenant_id`, `deleted`, `inactive`, `address`, `contact`, `email`, `created_on`, `modified_on`) VALUES ('788c3def-2b72-4b2c-a643-132af9c08481', 'Lindsay', 'Matthews', 'Lindsay Matthews', 'df234305-8a47-4b4d-8efb-716a6b695428', 0, 0, NULL, NULL, 'lindsay.matthews@example.com', '2025-07-09 15:55:27', '2025-07-09 15:55:27');
INSERT INTO `user` (`uuid`, `first_name`, `last_name`, `full_name`, `tenant_id`, `deleted`, `inactive`, `address`, `contact`, `email`, `created_on`, `modified_on`) VALUES ('8f804fc7-229f-40a1-896d-d36c0743f885', 'Marissa', 'Smith', 'Marissa Smith', 'df234305-8a47-4b4d-8efb-716a6b695428', 0, 0, NULL, NULL, 'marissa.smith@example.com', '2025-07-09 15:55:27', '2025-07-09 15:55:27');
INSERT INTO `user` (`uuid`, `first_name`, `last_name`, `full_name`, `tenant_id`, `deleted`, `inactive`, `address`, `contact`, `email`, `created_on`, `modified_on`) VALUES ('f89d2ba7-ddf3-4868-887a-43cb7b109a65', 'Tyler', 'Harris', 'Tyler Harris', 'df234305-8a47-4b4d-8efb-716a6b695428', 0, 0, NULL, NULL, 'tyler.harris@example.com', '2025-07-09 15:55:27', '2025-07-09 15:55:27');
INSERT INTO `user` (`uuid`, `first_name`, `last_name`, `full_name`, `tenant_id`, `deleted`, `inactive`, `address`, `contact`, `email`, `created_on`, `modified_on`) VALUES ('99d04352-22f8-4868-96d3-3495ec25850a', 'Megan', 'Ruiz', 'Megan Ruiz', 'df234305-8a47-4b4d-8efb-716a6b695428', 0, 0, NULL, NULL, 'megan.ruiz@example.com', '2025-07-09 15:55:27', '2025-07-09 15:55:27');
INSERT INTO `user` (`uuid`, `first_name`, `last_name`, `full_name`, `tenant_id`, `deleted`, `inactive`, `address`, `contact`, `email`, `created_on`, `modified_on`) VALUES ('16ea9fc5-70fb-4c6f-812c-dcf88e4e2f6b', 'Timothy', 'Bryan', 'Timothy Bryan', 'df234305-8a47-4b4d-8efb-716a6b695428', 0, 0, NULL, NULL, 'timothy.bryan@example.com', '2025-07-09 15:55:27', '2025-07-09 15:55:27');
INSERT INTO `user` (`uuid`, `first_name`, `last_name`, `full_name`, `tenant_id`, `deleted`, `inactive`, `address`, `contact`, `email`, `created_on`, `modified_on`) VALUES ('a825a924-9990-435a-92f6-d3ce0b572262', 'Michelle', 'Bautista', 'Michelle Bautista', 'df234305-8a47-4b4d-8efb-716a6b695428', 0, 0, NULL, NULL, 'michelle.bautista@example.com', '2025-07-09 15:55:27', '2025-07-09 15:55:27');
INSERT INTO `user` (`uuid`, `first_name`, `last_name`, `full_name`, `tenant_id`, `deleted`, `inactive`, `address`, `contact`, `email`, `created_on`, `modified_on`) VALUES ('dffc1a38-b67f-4093-bb95-6ec5c3f3ad0e', 'Joshua', 'Arellano', 'Joshua Arellano', 'df234305-8a47-4b4d-8efb-716a6b695428', 0, 0, NULL, NULL, 'joshua.arellano@example.com', '2025-07-09 15:55:27', '2025-07-09 15:55:27');
INSERT INTO `user` (`uuid`, `first_name`, `last_name`, `full_name`, `tenant_id`, `deleted`, `inactive`, `address`, `contact`, `email`, `created_on`, `modified_on`) VALUES ('0018e764-5de8-4745-9061-3bb476002a70', 'Abigail', 'Downs', 'Abigail Downs', 'df234305-8a47-4b4d-8efb-716a6b695428', 0, 0, NULL, NULL, 'abigail.downs@example.com', '2025-07-09 15:55:27', '2025-07-09 15:55:27');
INSERT INTO `user` (`uuid`, `first_name`, `last_name`, `full_name`, `tenant_id`, `deleted`, `inactive`, `address`, `contact`, `email`, `created_on`, `modified_on`) VALUES ('97d3fa41-c197-49d8-a589-9cbf681ea2df', 'David', 'Owens', 'David Owens', 'df234305-8a47-4b4d-8efb-716a6b695428', 0, 0, NULL, NULL, 'david.owens@example.com', '2025-07-09 15:55:27', '2025-07-09 15:55:27');
INSERT INTO `user` (`uuid`, `first_name`, `last_name`, `full_name`, `tenant_id`, `deleted`, `inactive`, `address`, `contact`, `email`, `created_on`, `modified_on`) VALUES ('791a02b7-4d9a-42df-b28f-6ce66e7b86b3', 'Roberto', 'Perkins', 'Roberto Perkins', 'df234305-8a47-4b4d-8efb-716a6b695428', 0, 0, NULL, NULL, 'roberto.perkins@example.com', '2025-07-09 15:55:27', '2025-07-09 15:55:27');
INSERT INTO `user` (`uuid`, `first_name`, `last_name`, `full_name`, `tenant_id`, `deleted`, `inactive`, `address`, `contact`, `email`, `created_on`, `modified_on`) VALUES ('7999dcef-efbd-44a3-9f55-3996dda5b6a7', 'Melinda', 'Gutierrez', 'Melinda Gutierrez', 'df234305-8a47-4b4d-8efb-716a6b695428', 0, 0, NULL, NULL, 'melinda.gutierrez@example.com', '2025-07-09 15:55:27', '2025-07-09 15:55:27');
INSERT INTO `user` (`uuid`, `first_name`, `last_name`, `full_name`, `tenant_id`, `deleted`, `inactive`, `address`, `contact`, `email`, `created_on`, `modified_on`) VALUES ('9ec63caf-7708-4a50-b6dc-00ad45339906', 'Lauren', 'Gibson', 'Lauren Gibson', 'df234305-8a47-4b4d-8efb-716a6b695428', 0, 0, NULL, NULL, 'lauren.gibson@example.com', '2025-07-09 15:55:27', '2025-07-09 15:55:27');
INSERT INTO `client` (`uuid`, `client_name`, `client_code`, `tenant_id`, `is_active`, `created_on`, `modified_on`) VALUES ('7b07550f-44ae-48c1-b79f-e257789cbebf', 'Sims Group', 1001, 'df234305-8a47-4b4d-8efb-716a6b695428', 1, '2025-07-09 15:55:27', '2025-07-09 15:55:27');
INSERT INTO `department` (`uuid`, `department`, `client_id`, `tenant_id`, `created_on`, `modified_on`) VALUES ('ea94014a-74da-4aae-b7d3-fb26ee672bcf', 'Biomedical', '7b07550f-44ae-48c1-b79f-e257789cbebf', 'df234305-8a47-4b4d-8efb-716a6b695428', '2025-07-09 15:55:27', '2025-07-09 15:55:27');
INSERT INTO `client` (`uuid`, `client_name`, `client_code`, `tenant_id`, `is_active`, `created_on`, `modified_on`) VALUES ('48b8dd28-ae08-492d-ad97-5cd6c0ff5e00', 'Perkins, Miller and Marquez', 1003, 'df234305-8a47-4b4d-8efb-716a6b695428', 1, '2025-07-09 15:55:27', '2025-07-09 15:55:27');
INSERT INTO `department` (`uuid`, `department`, `client_id`, `tenant_id`, `created_on`, `modified_on`) VALUES ('666bc728-1945-4481-87f4-0b8f888a00bc', 'Desert Tech Research', '48b8dd28-ae08-492d-ad97-5cd6c0ff5e00', 'df234305-8a47-4b4d-8efb-716a6b695428', '2025-07-09 15:55:27', '2025-07-09 15:55:27');
INSERT INTO `client` (`uuid`, `client_name`, `client_code`, `tenant_id`, `is_active`, `created_on`, `modified_on`) VALUES ('b36ff82b-0b5b-4363-b2a6-0f953cf8a690', 'Patton-Daniels', 1005, 'df234305-8a47-4b4d-8efb-716a6b695428', 1, '2025-07-09 15:55:27', '2025-07-09 15:55:27');
INSERT INTO `department` (`uuid`, `department`, `client_id`, `tenant_id`, `created_on`, `modified_on`) VALUES ('1a81edce-fed8-4639-90f7-7a0092cbe1df', 'Robotics', 'b36ff82b-0b5b-4363-b2a6-0f953cf8a690', 'df234305-8a47-4b4d-8efb-716a6b695428', '2025-07-09 15:55:27', '2025-07-09 15:55:27');
INSERT INTO `department` (`uuid`, `department`, `client_id`, `tenant_id`, `created_on`, `modified_on`) VALUES ('f55d2491-5c5f-4792-a02c-99f6a2965cab', 'Control Systems', 'b36ff82b-0b5b-4363-b2a6-0f953cf8a690', 'df234305-8a47-4b4d-8efb-716a6b695428', '2025-07-09 15:55:27', '2025-07-09 15:55:27');
INSERT INTO `client` (`uuid`, `client_name`, `client_code`, `tenant_id`, `is_active`, `created_on`, `modified_on`) VALUES ('473eab9b-2541-4a74-8be2-57cd7352565b', 'Hernandez-Henson', 1007, 'df234305-8a47-4b4d-8efb-716a6b695428', 1, '2025-07-09 15:55:27', '2025-07-09 15:55:27');
INSERT INTO `department` (`uuid`, `department`, `client_id`, `tenant_id`, `created_on`, `modified_on`) VALUES ('a1f638a6-e7c9-4fc3-8b83-01681938e8ee', 'Desert Tech Research', '473eab9b-2541-4a74-8be2-57cd7352565b', 'df234305-8a47-4b4d-8efb-716a6b695428', '2025-07-09 15:55:27', '2025-07-09 15:55:27');
INSERT INTO `client` (`uuid`, `client_name`, `client_code`, `tenant_id`, `is_active`, `created_on`, `modified_on`) VALUES ('1430fb05-a104-4ffa-b3ab-a7fa4233e036', 'Luna-Lopez', 1009, 'df234305-8a47-4b4d-8efb-716a6b695428', 1, '2025-07-09 15:55:27', '2025-07-09 15:55:27');
INSERT INTO `department` (`uuid`, `department`, `client_id`, `tenant_id`, `created_on`, `modified_on`) VALUES ('39dc5616-3ceb-4cfa-9a17-491dfaac3280', 'APAC Regulatory', '1430fb05-a104-4ffa-b3ab-a7fa4233e036', 'df234305-8a47-4b4d-8efb-716a6b695428', '2025-07-09 15:55:27', '2025-07-09 15:55:27');
INSERT INTO `client` (`uuid`, `client_name`, `client_code`, `tenant_id`, `is_active`, `created_on`, `modified_on`) VALUES ('9c17e0c1-9d12-416d-bd39-974f407000a7', 'Jones-Dickerson', 1011, 'df234305-8a47-4b4d-8efb-716a6b695428', 1, '2025-07-09 15:55:27', '2025-07-09 15:55:27');
INSERT INTO `department` (`uuid`, `department`, `client_id`, `tenant_id`, `created_on`, `modified_on`) VALUES ('5d3867ce-c88f-4729-9043-d061cb159858', 'APAC Regulatory', '9c17e0c1-9d12-416d-bd39-974f407000a7', 'df234305-8a47-4b4d-8efb-716a6b695428', '2025-07-09 15:55:27', '2025-07-09 15:55:27');
INSERT INTO `client` (`uuid`, `client_name`, `client_code`, `tenant_id`, `is_active`, `created_on`, `modified_on`) VALUES ('0339e057-7e4e-4c39-a01a-d9b79180d557', 'Vargas-Boyer', 1013, 'df234305-8a47-4b4d-8efb-716a6b695428', 1, '2025-07-09 15:55:27', '2025-07-09 15:55:27');
INSERT INTO `department` (`uuid`, `department`, `client_id`, `tenant_id`, `created_on`, `modified_on`) VALUES ('c22a50cd-50e3-4d51-992b-a843c385b03e', 'UK AI Center', '0339e057-7e4e-4c39-a01a-d9b79180d557', 'df234305-8a47-4b4d-8efb-716a6b695428', '2025-07-09 15:55:27', '2025-07-09 15:55:27');
INSERT INTO `client` (`uuid`, `client_name`, `client_code`, `tenant_id`, `is_active`, `created_on`, `modified_on`) VALUES ('42a5c905-1f04-4583-b39b-a0487b7dc8d6', 'Lambert-Perez', 1015, 'df234305-8a47-4b4d-8efb-716a6b695428', 1, '2025-07-09 15:55:27', '2025-07-09 15:55:27');
INSERT INTO `department` (`uuid`, `department`, `client_id`, `tenant_id`, `created_on`, `modified_on`) VALUES ('61726d8f-2e9e-4c1a-98f6-376de70347f0', 'Aerospace', '42a5c905-1f04-4583-b39b-a0487b7dc8d6', 'df234305-8a47-4b4d-8efb-716a6b695428', '2025-07-09 15:55:27', '2025-07-09 15:55:27');
INSERT INTO `client` (`uuid`, `client_name`, `client_code`, `tenant_id`, `is_active`, `created_on`, `modified_on`) VALUES ('a7f12653-40c8-44ba-a180-a0958a4ba101', 'Green, Hernandez and Hancock', 1017, 'df234305-8a47-4b4d-8efb-716a6b695428', 1, '2025-07-09 15:55:27', '2025-07-09 15:55:27');
INSERT INTO `department` (`uuid`, `department`, `client_id`, `tenant_id`, `created_on`, `modified_on`) VALUES ('26b88d5d-7c03-4f29-83d6-a42ca19e7809', 'Quantum Computing', 'a7f12653-40c8-44ba-a180-a0958a4ba101', 'df234305-8a47-4b4d-8efb-716a6b695428', '2025-07-09 15:55:27', '2025-07-09 15:55:27');
INSERT INTO `client` (`uuid`, `client_name`, `client_code`, `tenant_id`, `is_active`, `created_on`, `modified_on`) VALUES ('2684d743-e146-4145-96b0-0fdb50b581fd', 'Edwards LLC', 1019, 'df234305-8a47-4b4d-8efb-716a6b695428', 1, '2025-07-09 15:55:27', '2025-07-09 15:55:27');
INSERT INTO `department` (`uuid`, `department`, `client_id`, `tenant_id`, `created_on`, `modified_on`) VALUES ('c27b5740-7837-40cb-80f1-ed7b76a074a3', 'Civil Systems', '2684d743-e146-4145-96b0-0fdb50b581fd', 'df234305-8a47-4b4d-8efb-716a6b695428', '2025-07-09 15:55:27', '2025-07-09 15:55:27');
INSERT INTO `client` (`uuid`, `client_name`, `client_code`, `tenant_id`, `is_active`, `created_on`, `modified_on`) VALUES ('aa00d9c3-e9ae-43b9-a0b1-d22e39ce6ca5', 'Dyer Group', 1021, 'df234305-8a47-4b4d-8efb-716a6b695428', 1, '2025-07-09 15:55:27', '2025-07-09 15:55:27');
INSERT INTO `department` (`uuid`, `department`, `client_id`, `tenant_id`, `created_on`, `modified_on`) VALUES ('7044fb0b-b238-48ab-a8b2-661304907f8d', 'Control Systems', 'aa00d9c3-e9ae-43b9-a0b1-d22e39ce6ca5', 'df234305-8a47-4b4d-8efb-716a6b695428', '2025-07-09 15:55:27', '2025-07-09 15:55:27');
INSERT INTO `client` (`uuid`, `client_name`, `client_code`, `tenant_id`, `is_active`, `created_on`, `modified_on`) VALUES ('186fd79b-fef3-4eca-b86b-3a173ade43cc', 'Jarvis, Stewart and Hoffman', 1023, 'df234305-8a47-4b4d-8efb-716a6b695428', 1, '2025-07-09 15:55:27', '2025-07-09 15:55:27');
INSERT INTO `department` (`uuid`, `department`, `client_id`, `tenant_id`, `created_on`, `modified_on`) VALUES ('dfc650a7-4272-47ff-98dc-79eadeb611c4', 'Data Science', '186fd79b-fef3-4eca-b86b-3a173ade43cc', 'df234305-8a47-4b4d-8efb-716a6b695428', '2025-07-09 15:55:27', '2025-07-09 15:55:27');
INSERT INTO `client` (`uuid`, `client_name`, `client_code`, `tenant_id`, `is_active`, `created_on`, `modified_on`) VALUES ('29e7e202-861d-4442-88cd-4a18d887aafa', 'Brown-Shaffer', 1025, 'df234305-8a47-4b4d-8efb-716a6b695428', 1, '2025-07-09 15:55:27', '2025-07-09 15:55:27');
INSERT INTO `department` (`uuid`, `department`, `client_id`, `tenant_id`, `created_on`, `modified_on`) VALUES ('61ab0583-37b4-4675-9ca5-931e74a6e25f', 'Data Science', '29e7e202-861d-4442-88cd-4a18d887aafa', 'df234305-8a47-4b4d-8efb-716a6b695428', '2025-07-09 15:55:27', '2025-07-09 15:55:27');
INSERT INTO `client` (`uuid`, `client_name`, `client_code`, `tenant_id`, `is_active`, `created_on`, `modified_on`) VALUES ('c0025c65-4f8f-4ac8-a717-2be091a6f460', 'Graves, Shaw and Jones', 1027, 'df234305-8a47-4b4d-8efb-716a6b695428', 1, '2025-07-09 15:55:27', '2025-07-09 15:55:27');
INSERT INTO `department` (`uuid`, `department`, `client_id`, `tenant_id`, `created_on`, `modified_on`) VALUES ('9005911a-e8b0-4211-b1f3-8c779a8a6cb3', 'Fintech Innovation', 'c0025c65-4f8f-4ac8-a717-2be091a6f460', 'df234305-8a47-4b4d-8efb-716a6b695428', '2025-07-09 15:55:27', '2025-07-09 15:55:27');
INSERT INTO `client` (`uuid`, `client_name`, `client_code`, `tenant_id`, `is_active`, `created_on`, `modified_on`) VALUES ('491e6ecf-76ed-43fa-8b6b-4251bfa2fcd8', 'Daniels-Clark', 1029, 'df234305-8a47-4b4d-8efb-716a6b695428', 1, '2025-07-09 15:55:27', '2025-07-09 15:55:27');
INSERT INTO `department` (`uuid`, `department`, `client_id`, `tenant_id`, `created_on`, `modified_on`) VALUES ('802bc094-b000-46ea-8713-edb33e8f52b6', 'APAC Regulatory', '491e6ecf-76ed-43fa-8b6b-4251bfa2fcd8', 'df234305-8a47-4b4d-8efb-716a6b695428', '2025-07-09 15:55:27', '2025-07-09 15:55:27');
INSERT INTO `client` (`uuid`, `client_name`, `client_code`, `tenant_id`, `is_active`, `created_on`, `modified_on`) VALUES ('30e9c59c-5407-4e11-8c34-c19ee95446ba', 'Benson-Bartlett', 1031, 'df234305-8a47-4b4d-8efb-716a6b695428', 1, '2025-07-09 15:55:27', '2025-07-09 15:55:27');
INSERT INTO `department` (`uuid`, `department`, `client_id`, `tenant_id`, `created_on`, `modified_on`) VALUES ('be7be1ba-44da-41e5-bb13-3d317be24260', 'AI Solutions', '30e9c59c-5407-4e11-8c34-c19ee95446ba', 'df234305-8a47-4b4d-8efb-716a6b695428', '2025-07-09 15:55:27', '2025-07-09 15:55:27');
INSERT INTO `client` (`uuid`, `client_name`, `client_code`, `tenant_id`, `is_active`, `created_on`, `modified_on`) VALUES ('afab5b91-8d56-47f6-89e5-6aa6656299cf', 'Perez, Wagner and Hughes', 1033, 'df234305-8a47-4b4d-8efb-716a6b695428', 1, '2025-07-09 15:55:27', '2025-07-09 15:55:27');
INSERT INTO `department` (`uuid`, `department`, `client_id`, `tenant_id`, `created_on`, `modified_on`) VALUES ('d405072b-02a1-40de-8b80-75d7f6af64c5', 'Software Architecture', 'afab5b91-8d56-47f6-89e5-6aa6656299cf', 'df234305-8a47-4b4d-8efb-716a6b695428', '2025-07-09 15:55:27', '2025-07-09 15:55:27');
INSERT INTO `client` (`uuid`, `client_name`, `client_code`, `tenant_id`, `is_active`, `created_on`, `modified_on`) VALUES ('e9d23d6d-9e95-48a3-bf6d-21746be0d8a5', 'Obrien-Stone', 1035, 'df234305-8a47-4b4d-8efb-716a6b695428', 1, '2025-07-09 15:55:27', '2025-07-09 15:55:27');
INSERT INTO `department` (`uuid`, `department`, `client_id`, `tenant_id`, `created_on`, `modified_on`) VALUES ('ba4536ae-7072-4a38-bc8a-42617d6f91bf', 'Robotics', 'e9d23d6d-9e95-48a3-bf6d-21746be0d8a5', 'df234305-8a47-4b4d-8efb-716a6b695428', '2025-07-09 15:55:27', '2025-07-09 15:55:27');
INSERT INTO `client` (`uuid`, `client_name`, `client_code`, `tenant_id`, `is_active`, `created_on`, `modified_on`) VALUES ('4d14d3e7-2bec-4847-9020-12203436f745', 'Cruz Ltd', 1037, 'df234305-8a47-4b4d-8efb-716a6b695428', 1, '2025-07-09 15:55:27', '2025-07-09 15:55:27');
INSERT INTO `department` (`uuid`, `department`, `client_id`, `tenant_id`, `created_on`, `modified_on`) VALUES ('ca2bec6e-3a60-4e7f-8a9c-eb974508b757', 'Civil Systems', '4d14d3e7-2bec-4847-9020-12203436f745', 'df234305-8a47-4b4d-8efb-716a6b695428', '2025-07-09 15:55:27', '2025-07-09 15:55:27');
INSERT INTO `client` (`uuid`, `client_name`, `client_code`, `tenant_id`, `is_active`, `created_on`, `modified_on`) VALUES ('2f262fac-0fbb-4821-beb3-680285a88203', 'Owens-Dunn', 1039, 'df234305-8a47-4b4d-8efb-716a6b695428', 1, '2025-07-09 15:55:27', '2025-07-09 15:55:27');
INSERT INTO `department` (`uuid`, `department`, `client_id`, `tenant_id`, `created_on`, `modified_on`) VALUES ('bf50e6da-fdbd-42d9-97bb-7f3829e2cc44', 'Green Energy', '2f262fac-0fbb-4821-beb3-680285a88203', 'df234305-8a47-4b4d-8efb-716a6b695428', '2025-07-09 15:55:27', '2025-07-09 15:55:27');
INSERT INTO `client` (`uuid`, `client_name`, `client_code`, `tenant_id`, `is_active`, `created_on`, `modified_on`) VALUES ('35b5f32b-f33e-40ff-8130-be22a80e6f79', 'Johnson-Cruz', 1041, 'df234305-8a47-4b4d-8efb-716a6b695428', 1, '2025-07-09 15:55:27', '2025-07-09 15:55:27');
INSERT INTO `department` (`uuid`, `department`, `client_id`, `tenant_id`, `created_on`, `modified_on`) VALUES ('ce6c3053-a4a5-4ea4-9b35-defc2dbea02c', 'Aerospace', '35b5f32b-f33e-40ff-8130-be22a80e6f79', 'df234305-8a47-4b4d-8efb-716a6b695428', '2025-07-09 15:55:27', '2025-07-09 15:55:27');
INSERT INTO `client` (`uuid`, `client_name`, `client_code`, `tenant_id`, `is_active`, `created_on`, `modified_on`) VALUES ('de2b741c-7b3d-4aad-be8f-d8e6d865fd45', 'Parsons, Fowler and Edwards', 1043, 'df234305-8a47-4b4d-8efb-716a6b695428', 1, '2025-07-09 15:55:27', '2025-07-09 15:55:27');
INSERT INTO `department` (`uuid`, `department`, `client_id`, `tenant_id`, `created_on`, `modified_on`) VALUES ('5e79b92a-2fdc-4b0c-974d-c1346c21d726', 'Carbon Management', 'de2b741c-7b3d-4aad-be8f-d8e6d865fd45', 'df234305-8a47-4b4d-8efb-716a6b695428', '2025-07-09 15:55:27', '2025-07-09 15:55:27');
INSERT INTO `client` (`uuid`, `client_name`, `client_code`, `tenant_id`, `is_active`, `created_on`, `modified_on`) VALUES ('db0de584-7a8c-4f20-937e-6778fa01b67f', 'Kane, West and Hamilton', 1045, 'df234305-8a47-4b4d-8efb-716a6b695428', 1, '2025-07-09 15:55:27', '2025-07-09 15:55:27');
INSERT INTO `department` (`uuid`, `department`, `client_id`, `tenant_id`, `created_on`, `modified_on`) VALUES ('326d3b5a-579e-4f27-95e7-4566c9f18d99', 'Robotics', 'db0de584-7a8c-4f20-937e-6778fa01b67f', 'df234305-8a47-4b4d-8efb-716a6b695428', '2025-07-09 15:55:27', '2025-07-09 15:55:27');
INSERT INTO `client` (`uuid`, `client_name`, `client_code`, `tenant_id`, `is_active`, `created_on`, `modified_on`) VALUES ('354319b0-6ea8-4d96-9ab2-cec0e79800d9', 'Pena and Sons', 1047, 'df234305-8a47-4b4d-8efb-716a6b695428', 1, '2025-07-09 15:55:27', '2025-07-09 15:55:27');
INSERT INTO `department` (`uuid`, `department`, `client_id`, `tenant_id`, `created_on`, `modified_on`) VALUES ('a980a09e-439e-4e74-ac0e-4bf6913b55e8', 'Aerospace', '354319b0-6ea8-4d96-9ab2-cec0e79800d9', 'df234305-8a47-4b4d-8efb-716a6b695428', '2025-07-09 15:55:27', '2025-07-09 15:55:27');
INSERT INTO `client` (`uuid`, `client_name`, `client_code`, `tenant_id`, `is_active`, `created_on`, `modified_on`) VALUES ('cfb4e7c6-c929-4220-b664-27ef579979eb', 'Jackson-Ward', 1049, 'df234305-8a47-4b4d-8efb-716a6b695428', 1, '2025-07-09 15:55:27', '2025-07-09 15:55:27');
INSERT INTO `department` (`uuid`, `department`, `client_id`, `tenant_id`, `created_on`, `modified_on`) VALUES ('03bd3e4b-b916-4c25-b98d-09a904e04303', 'Control Systems', 'cfb4e7c6-c929-4220-b664-27ef579979eb', 'df234305-8a47-4b4d-8efb-716a6b695428', '2025-07-09 15:55:27', '2025-07-09 15:55:27');
INSERT INTO `client` (`uuid`, `client_name`, `client_code`, `tenant_id`, `is_active`, `created_on`, `modified_on`) VALUES ('8b16c75c-fc5c-41ff-9837-8961ce9a6c8f', 'Dean, Shepherd and Dillon', 1051, 'df234305-8a47-4b4d-8efb-716a6b695428', 1, '2025-07-09 15:55:27', '2025-07-09 15:55:27');
INSERT INTO `department` (`uuid`, `department`, `client_id`, `tenant_id`, `created_on`, `modified_on`) VALUES ('bb4801ca-a3d8-47d8-baa2-5e065bd292a4', 'Quantum Computing', '8b16c75c-fc5c-41ff-9837-8961ce9a6c8f', 'df234305-8a47-4b4d-8efb-716a6b695428', '2025-07-09 15:55:27', '2025-07-09 15:55:27');
INSERT INTO `client` (`uuid`, `client_name`, `client_code`, `tenant_id`, `is_active`, `created_on`, `modified_on`) VALUES ('d6e381ae-4148-492f-8910-bbd21bb621a9', 'Nichols and Sons', 1053, 'df234305-8a47-4b4d-8efb-716a6b695428', 1, '2025-07-09 15:55:27', '2025-07-09 15:55:27');
INSERT INTO `department` (`uuid`, `department`, `client_id`, `tenant_id`, `created_on`, `modified_on`) VALUES ('306265ba-309f-4873-bde6-c1f9e9e0b8e0', 'Fintech Innovation', 'd6e381ae-4148-492f-8910-bbd21bb621a9', 'df234305-8a47-4b4d-8efb-716a6b695428', '2025-07-09 15:55:27', '2025-07-09 15:55:27');
INSERT INTO `client` (`uuid`, `client_name`, `client_code`, `tenant_id`, `is_active`, `created_on`, `modified_on`) VALUES ('b1a71351-b801-4361-ad04-db4c9ee5245f', 'Higgins Group', 1055, 'df234305-8a47-4b4d-8efb-716a6b695428', 1, '2025-07-09 15:55:27', '2025-07-09 15:55:27');
INSERT INTO `department` (`uuid`, `department`, `client_id`, `tenant_id`, `created_on`, `modified_on`) VALUES ('3280783f-3efa-418d-9de4-ab68a9b2e4c3', 'UK AI Center', 'b1a71351-b801-4361-ad04-db4c9ee5245f', 'df234305-8a47-4b4d-8efb-716a6b695428', '2025-07-09 15:55:27', '2025-07-09 15:55:27');