-- Generated SQL inserts for DRAFTING database

INSERT INTO `user` (`id`, `fullname`, `tenant_id`, `email`, `contact`, `firstname`, `lastname`, `middlename`, `deleted`, `inactive`, `created_on`, `modified_on`) VALUES ('bf255bcc-e2db-4d47-8e3e-5b8b7b4f105d', 'Admin Tekip', 'df234305-8a47-4b4d-8efb-716a6b695428', 'admin.tekip@example.com', NULL, 'Admin', 'Tekip', NULL, 0, 0, '2025-07-10 23:00:28', '2025-07-10 23:00:28');
INSERT INTO `user` (`id`, `fullname`, `tenant_id`, `email`, `contact`, `firstname`, `lastname`, `middlename`, `deleted`, `inactive`, `created_on`, `modified_on`) VALUES ('5a089f90-4620-4bcd-abea-efbd68314c6b', 'Jennifer Flores', 'df234305-8a47-4b4d-8efb-716a6b695428', 'jennifer.flores@example.com', NULL, 'Jennifer', 'Flores', NULL, 0, 0, '2025-07-10 23:00:28', '2025-07-10 23:00:28');
INSERT INTO `user` (`id`, `fullname`, `tenant_id`, `email`, `contact`, `firstname`, `lastname`, `middlename`, `deleted`, `inactive`, `created_on`, `modified_on`) VALUES ('336f7a90-fc11-41db-86d1-1eda5976a91f', 'Edward Stokes', 'df234305-8a47-4b4d-8efb-716a6b695428', 'edward.stokes@example.com', NULL, 'Edward', 'Stokes', NULL, 0, 0, '2025-07-10 23:00:28', '2025-07-10 23:00:28');
INSERT INTO `user` (`id`, `fullname`, `tenant_id`, `email`, `contact`, `firstname`, `lastname`, `middlename`, `deleted`, `inactive`, `created_on`, `modified_on`) VALUES ('ae56d0c8-c541-40d8-b68f-2fcc871e5674', 'Stephanie Allen', 'df234305-8a47-4b4d-8efb-716a6b695428', 'stephanie.allen@example.com', NULL, 'Stephanie', 'Allen', NULL, 0, 0, '2025-07-10 23:00:28', '2025-07-10 23:00:28');
INSERT INTO `user` (`id`, `fullname`, `tenant_id`, `email`, `contact`, `firstname`, `lastname`, `middlename`, `deleted`, `inactive`, `created_on`, `modified_on`) VALUES ('90ba32e4-73a4-4d5d-ba16-de8b15734db3', 'Stephanie Powell', 'df234305-8a47-4b4d-8efb-716a6b695428', 'stephanie.powell@example.com', NULL, 'Stephanie', 'Powell', NULL, 0, 0, '2025-07-10 23:00:28', '2025-07-10 23:00:28');
INSERT INTO `user` (`id`, `fullname`, `tenant_id`, `email`, `contact`, `firstname`, `lastname`, `middlename`, `deleted`, `inactive`, `created_on`, `modified_on`) VALUES ('403f9077-afee-4d4e-88b0-15a930d0211f', 'Timothy Rodriguez', 'df234305-8a47-4b4d-8efb-716a6b695428', 'timothy.rodriguez@example.com', NULL, 'Timothy', 'Rodriguez', NULL, 0, 0, '2025-07-10 23:00:28', '2025-07-10 23:00:28');
INSERT INTO `user` (`id`, `fullname`, `tenant_id`, `email`, `contact`, `firstname`, `lastname`, `middlename`, `deleted`, `inactive`, `created_on`, `modified_on`) VALUES ('c4609924-3ac4-48ba-abb0-0e9641156527', 'Stephanie Summers', 'df234305-8a47-4b4d-8efb-716a6b695428', 'stephanie.summers@example.com', NULL, 'Stephanie', 'Summers', NULL, 0, 0, '2025-07-10 23:00:28', '2025-07-10 23:00:28');
INSERT INTO `user` (`id`, `fullname`, `tenant_id`, `email`, `contact`, `firstname`, `lastname`, `middlename`, `deleted`, `inactive`, `created_on`, `modified_on`) VALUES ('1271e4a8-b3c0-4fde-8bce-650929c69356', 'Christian Odom', 'df234305-8a47-4b4d-8efb-716a6b695428', 'christian.odom@example.com', NULL, 'Christian', 'Odom', NULL, 0, 0, '2025-07-10 23:00:28', '2025-07-10 23:00:28');
INSERT INTO `user` (`id`, `fullname`, `tenant_id`, `email`, `contact`, `firstname`, `lastname`, `middlename`, `deleted`, `inactive`, `created_on`, `modified_on`) VALUES ('aa4c6307-1bf3-4386-872f-428920f49961', 'John Davis', 'df234305-8a47-4b4d-8efb-716a6b695428', 'john.davis@example.com', NULL, 'John', 'Davis', NULL, 0, 0, '2025-07-10 23:00:28', '2025-07-10 23:00:28');
INSERT INTO `user` (`id`, `fullname`, `tenant_id`, `email`, `contact`, `firstname`, `lastname`, `middlename`, `deleted`, `inactive`, `created_on`, `modified_on`) VALUES ('5bcd84bf-22e0-4e55-b1a4-12635af4e042', 'William Ellis', 'df234305-8a47-4b4d-8efb-716a6b695428', 'william.ellis@example.com', NULL, 'William', 'Ellis', NULL, 0, 0, '2025-07-10 23:00:28', '2025-07-10 23:00:28');
INSERT INTO `user` (`id`, `fullname`, `tenant_id`, `email`, `contact`, `firstname`, `lastname`, `middlename`, `deleted`, `inactive`, `created_on`, `modified_on`) VALUES ('ceb6a72f-fe6c-4b01-a35d-46ff6f187198', 'Sharon Berry', 'df234305-8a47-4b4d-8efb-716a6b695428', 'sharon.berry@example.com', NULL, 'Sharon', 'Berry', NULL, 0, 0, '2025-07-10 23:00:28', '2025-07-10 23:00:28');
INSERT INTO `user` (`id`, `fullname`, `tenant_id`, `email`, `contact`, `firstname`, `lastname`, `middlename`, `deleted`, `inactive`, `created_on`, `modified_on`) VALUES ('d1c74f3d-81af-4442-8bad-6577f0eb94de', 'Linda Hines', 'df234305-8a47-4b4d-8efb-716a6b695428', 'linda.hines@example.com', NULL, 'Linda', 'Hines', NULL, 0, 0, '2025-07-10 23:00:28', '2025-07-10 23:00:28');
INSERT INTO `user` (`id`, `fullname`, `tenant_id`, `email`, `contact`, `firstname`, `lastname`, `middlename`, `deleted`, `inactive`, `created_on`, `modified_on`) VALUES ('f25d7dd4-0054-488f-90ca-9eb53121920e', 'Robert Castillo', 'df234305-8a47-4b4d-8efb-716a6b695428', 'robert.castillo@example.com', NULL, 'Robert', 'Castillo', NULL, 0, 0, '2025-07-10 23:00:28', '2025-07-10 23:00:28');
INSERT INTO `user` (`id`, `fullname`, `tenant_id`, `email`, `contact`, `firstname`, `lastname`, `middlename`, `deleted`, `inactive`, `created_on`, `modified_on`) VALUES ('78922a80-147d-4a6c-afac-a5868c7f9652', 'Donna Herrera', 'df234305-8a47-4b4d-8efb-716a6b695428', 'donna.herrera@example.com', NULL, 'Donna', 'Herrera', NULL, 0, 0, '2025-07-10 23:00:28', '2025-07-10 23:00:28');
INSERT INTO `user` (`id`, `fullname`, `tenant_id`, `email`, `contact`, `firstname`, `lastname`, `middlename`, `deleted`, `inactive`, `created_on`, `modified_on`) VALUES ('4bf8b777-0489-4618-aeb0-f907f239f85f', 'Jessica Mosley', 'df234305-8a47-4b4d-8efb-716a6b695428', 'jessica.mosley@example.com', NULL, 'Jessica', 'Mosley', NULL, 0, 0, '2025-07-10 23:00:28', '2025-07-10 23:00:28');
INSERT INTO `user` (`id`, `fullname`, `tenant_id`, `email`, `contact`, `firstname`, `lastname`, `middlename`, `deleted`, `inactive`, `created_on`, `modified_on`) VALUES ('b35dc6bc-4841-4a27-8ff3-e9c18c48f9b6', 'Terry Smith', 'df234305-8a47-4b4d-8efb-716a6b695428', 'terry.smith@example.com', NULL, 'Terry', 'Smith', NULL, 0, 0, '2025-07-10 23:00:28', '2025-07-10 23:00:28');
INSERT INTO `user` (`id`, `fullname`, `tenant_id`, `email`, `contact`, `firstname`, `lastname`, `middlename`, `deleted`, `inactive`, `created_on`, `modified_on`) VALUES ('890772f0-b284-4c19-accd-7721a90490cd', 'Susan Hudson', 'df234305-8a47-4b4d-8efb-716a6b695428', 'susan.hudson@example.com', NULL, 'Susan', 'Hudson', NULL, 0, 0, '2025-07-10 23:00:28', '2025-07-10 23:00:28');
INSERT INTO `user` (`id`, `fullname`, `tenant_id`, `email`, `contact`, `firstname`, `lastname`, `middlename`, `deleted`, `inactive`, `created_on`, `modified_on`) VALUES ('f377e642-4e44-4b5c-a9c4-b0481e04ae05', 'Elizabeth Nixon', 'df234305-8a47-4b4d-8efb-716a6b695428', 'elizabeth.nixon@example.com', NULL, 'Elizabeth', 'Nixon', NULL, 0, 0, '2025-07-10 23:00:28', '2025-07-10 23:00:28');
INSERT INTO `user` (`id`, `fullname`, `tenant_id`, `email`, `contact`, `firstname`, `lastname`, `middlename`, `deleted`, `inactive`, `created_on`, `modified_on`) VALUES ('9b47a36a-1054-45d4-bed3-8f67f36b6f70', 'Jasmine Clark', 'df234305-8a47-4b4d-8efb-716a6b695428', 'jasmine.clark@example.com', NULL, 'Jasmine', 'Clark', NULL, 0, 0, '2025-07-10 23:00:28', '2025-07-10 23:00:28');
INSERT INTO `user` (`id`, `fullname`, `tenant_id`, `email`, `contact`, `firstname`, `lastname`, `middlename`, `deleted`, `inactive`, `created_on`, `modified_on`) VALUES ('10c25b2a-e1d1-4f65-a320-80ae175f4946', 'Isaac Kennedy', 'df234305-8a47-4b4d-8efb-716a6b695428', 'isaac.kennedy@example.com', NULL, 'Isaac', 'Kennedy', NULL, 0, 0, '2025-07-10 23:00:28', '2025-07-10 23:00:28');
INSERT INTO `user` (`id`, `fullname`, `tenant_id`, `email`, `contact`, `firstname`, `lastname`, `middlename`, `deleted`, `inactive`, `created_on`, `modified_on`) VALUES ('0a354945-8b6f-4c3c-aa98-fd1afefa65eb', 'Brian Sanchez', 'df234305-8a47-4b4d-8efb-716a6b695428', 'brian.sanchez@example.com', NULL, 'Brian', 'Sanchez', NULL, 0, 0, '2025-07-10 23:00:28', '2025-07-10 23:00:28');
INSERT INTO `user` (`id`, `fullname`, `tenant_id`, `email`, `contact`, `firstname`, `lastname`, `middlename`, `deleted`, `inactive`, `created_on`, `modified_on`) VALUES ('7881ca3c-2be6-40d4-abed-2c62d9b6bb1a', 'Jack York', 'df234305-8a47-4b4d-8efb-716a6b695428', 'jack.york@example.com', NULL, 'Jack', 'York', NULL, 0, 0, '2025-07-10 23:00:28', '2025-07-10 23:00:28');
INSERT INTO `user` (`id`, `fullname`, `tenant_id`, `email`, `contact`, `firstname`, `lastname`, `middlename`, `deleted`, `inactive`, `created_on`, `modified_on`) VALUES ('e1e69c9e-0b9b-476d-aed6-7ff160e824c4', 'Monica Mack', 'df234305-8a47-4b4d-8efb-716a6b695428', 'monica.mack@example.com', NULL, 'Monica', 'Mack', NULL, 0, 0, '2025-07-10 23:00:28', '2025-07-10 23:00:28');
INSERT INTO `user` (`id`, `fullname`, `tenant_id`, `email`, `contact`, `firstname`, `lastname`, `middlename`, `deleted`, `inactive`, `created_on`, `modified_on`) VALUES ('69dcf3b7-1d99-4a09-8dde-dcf94d5c9618', 'James Wilson', 'df234305-8a47-4b4d-8efb-716a6b695428', 'james.wilson@example.com', NULL, 'James', 'Wilson', NULL, 0, 0, '2025-07-10 23:00:28', '2025-07-10 23:00:28');
INSERT INTO `user` (`id`, `fullname`, `tenant_id`, `email`, `contact`, `firstname`, `lastname`, `middlename`, `deleted`, `inactive`, `created_on`, `modified_on`) VALUES ('192cf95d-874e-4ffa-84b8-661bbc55d1e9', 'Amanda Ray', 'df234305-8a47-4b4d-8efb-716a6b695428', 'amanda.ray@example.com', NULL, 'Amanda', 'Ray', NULL, 0, 0, '2025-07-10 23:00:28', '2025-07-10 23:00:28');
INSERT INTO `user` (`id`, `fullname`, `tenant_id`, `email`, `contact`, `firstname`, `lastname`, `middlename`, `deleted`, `inactive`, `created_on`, `modified_on`) VALUES ('f7d8360b-05d0-42a6-969e-a53060b500f3', 'Janice Jones', 'df234305-8a47-4b4d-8efb-716a6b695428', 'janice.jones@example.com', NULL, 'Janice', 'Jones', NULL, 0, 0, '2025-07-10 23:00:28', '2025-07-10 23:00:28');
INSERT INTO `user` (`id`, `fullname`, `tenant_id`, `email`, `contact`, `firstname`, `lastname`, `middlename`, `deleted`, `inactive`, `created_on`, `modified_on`) VALUES ('d8145372-8e07-4c21-ba75-e404ec9de79e', 'Jimmy Long', 'df234305-8a47-4b4d-8efb-716a6b695428', 'jimmy.long@example.com', NULL, 'Jimmy', 'Long', NULL, 0, 0, '2025-07-10 23:00:28', '2025-07-10 23:00:28');
INSERT INTO `user` (`id`, `fullname`, `tenant_id`, `email`, `contact`, `firstname`, `lastname`, `middlename`, `deleted`, `inactive`, `created_on`, `modified_on`) VALUES ('57e8a4bd-43c2-4b31-81c4-bb7e01c42987', 'Jennifer Frazier', 'df234305-8a47-4b4d-8efb-716a6b695428', 'jennifer.frazier@example.com', NULL, 'Jennifer', 'Frazier', NULL, 0, 0, '2025-07-10 23:00:28', '2025-07-10 23:00:28');
INSERT INTO `user` (`id`, `fullname`, `tenant_id`, `email`, `contact`, `firstname`, `lastname`, `middlename`, `deleted`, `inactive`, `created_on`, `modified_on`) VALUES ('98da29cd-8354-490e-b02a-616bdf8357a5', 'Jeremy Ortiz', 'df234305-8a47-4b4d-8efb-716a6b695428', 'jeremy.ortiz@example.com', NULL, 'Jeremy', 'Ortiz', NULL, 0, 0, '2025-07-10 23:00:28', '2025-07-10 23:00:28');
INSERT INTO `user` (`id`, `fullname`, `tenant_id`, `email`, `contact`, `firstname`, `lastname`, `middlename`, `deleted`, `inactive`, `created_on`, `modified_on`) VALUES ('92fe1aaa-a1d0-4d96-a916-83e3c1cf9025', 'Ashley Friedman', 'df234305-8a47-4b4d-8efb-716a6b695428', 'ashley.friedman@example.com', NULL, 'Ashley', 'Friedman', NULL, 0, 0, '2025-07-10 23:00:28', '2025-07-10 23:00:28');
INSERT INTO `user` (`id`, `fullname`, `tenant_id`, `email`, `contact`, `firstname`, `lastname`, `middlename`, `deleted`, `inactive`, `created_on`, `modified_on`) VALUES ('74903d1f-d5a1-4ee8-b66f-795303232025', 'Veronica Williams PhD', 'df234305-8a47-4b4d-8efb-716a6b695428', 'veronica.williamsphd@example.com', NULL, 'Veronica', 'Williams PhD', NULL, 0, 0, '2025-07-10 23:00:28', '2025-07-10 23:00:28');
INSERT INTO `user` (`id`, `fullname`, `tenant_id`, `email`, `contact`, `firstname`, `lastname`, `middlename`, `deleted`, `inactive`, `created_on`, `modified_on`) VALUES ('3f009053-f51a-4345-b40b-d1fad4250211', 'Shelly Leonard', 'df234305-8a47-4b4d-8efb-716a6b695428', 'shelly.leonard@example.com', NULL, 'Shelly', 'Leonard', NULL, 0, 0, '2025-07-10 23:00:28', '2025-07-10 23:00:28');
INSERT INTO `user` (`id`, `fullname`, `tenant_id`, `email`, `contact`, `firstname`, `lastname`, `middlename`, `deleted`, `inactive`, `created_on`, `modified_on`) VALUES ('4faf59e9-17bc-45e6-adf3-c0862a6fb645', 'Angela Taylor', 'df234305-8a47-4b4d-8efb-716a6b695428', 'angela.taylor@example.com', NULL, 'Angela', 'Taylor', NULL, 0, 0, '2025-07-10 23:00:28', '2025-07-10 23:00:28');
INSERT INTO `user` (`id`, `fullname`, `tenant_id`, `email`, `contact`, `firstname`, `lastname`, `middlename`, `deleted`, `inactive`, `created_on`, `modified_on`) VALUES ('35ebc41e-8126-4c09-9dd8-45290817cc44', 'Kathleen Rodriguez', 'df234305-8a47-4b4d-8efb-716a6b695428', 'kathleen.rodriguez@example.com', NULL, 'Kathleen', 'Rodriguez', NULL, 0, 0, '2025-07-10 23:00:28', '2025-07-10 23:00:28');
INSERT INTO `user` (`id`, `fullname`, `tenant_id`, `email`, `contact`, `firstname`, `lastname`, `middlename`, `deleted`, `inactive`, `created_on`, `modified_on`) VALUES ('4203b664-7a84-4063-842e-8952274fcbbd', 'Amanda Hayes', 'df234305-8a47-4b4d-8efb-716a6b695428', 'amanda.hayes@example.com', NULL, 'Amanda', 'Hayes', NULL, 0, 0, '2025-07-10 23:00:28', '2025-07-10 23:00:28');
INSERT INTO `user` (`id`, `fullname`, `tenant_id`, `email`, `contact`, `firstname`, `lastname`, `middlename`, `deleted`, `inactive`, `created_on`, `modified_on`) VALUES ('92328356-8602-43e4-91bb-a177f45b229b', 'Donna Mcbride', 'df234305-8a47-4b4d-8efb-716a6b695428', 'donna.mcbride@example.com', NULL, 'Donna', 'Mcbride', NULL, 0, 0, '2025-07-10 23:00:28', '2025-07-10 23:00:28');
INSERT INTO `user` (`id`, `fullname`, `tenant_id`, `email`, `contact`, `firstname`, `lastname`, `middlename`, `deleted`, `inactive`, `created_on`, `modified_on`) VALUES ('637d77e4-0e5a-4873-ae39-89996047b5a8', 'Frank Cox', 'df234305-8a47-4b4d-8efb-716a6b695428', 'frank.cox@example.com', NULL, 'Frank', 'Cox', NULL, 0, 0, '2025-07-10 23:00:28', '2025-07-10 23:00:28');
INSERT INTO `user` (`id`, `fullname`, `tenant_id`, `email`, `contact`, `firstname`, `lastname`, `middlename`, `deleted`, `inactive`, `created_on`, `modified_on`) VALUES ('5bb6d4f1-05c0-410a-bf70-2c7f1758f94a', 'Rebecca Carpenter', 'df234305-8a47-4b4d-8efb-716a6b695428', 'rebecca.carpenter@example.com', NULL, 'Rebecca', 'Carpenter', NULL, 0, 0, '2025-07-10 23:00:28', '2025-07-10 23:00:28');
INSERT INTO `user` (`id`, `fullname`, `tenant_id`, `email`, `contact`, `firstname`, `lastname`, `middlename`, `deleted`, `inactive`, `created_on`, `modified_on`) VALUES ('a646c566-aabc-449e-9ecd-9198072e8fa3', 'Daniel Rollins', 'df234305-8a47-4b4d-8efb-716a6b695428', 'daniel.rollins@example.com', NULL, 'Daniel', 'Rollins', NULL, 0, 0, '2025-07-10 23:00:28', '2025-07-10 23:00:28');
INSERT INTO `user` (`id`, `fullname`, `tenant_id`, `email`, `contact`, `firstname`, `lastname`, `middlename`, `deleted`, `inactive`, `created_on`, `modified_on`) VALUES ('bb1b4601-5034-4b47-9faf-b05ac79402d1', 'Jacqueline Reid', 'df234305-8a47-4b4d-8efb-716a6b695428', 'jacqueline.reid@example.com', NULL, 'Jacqueline', 'Reid', NULL, 0, 0, '2025-07-10 23:00:28', '2025-07-10 23:00:28');
INSERT INTO `user` (`id`, `fullname`, `tenant_id`, `email`, `contact`, `firstname`, `lastname`, `middlename`, `deleted`, `inactive`, `created_on`, `modified_on`) VALUES ('ee61c088-d035-40da-ae6f-e36068506fa8', 'Richard Norton', 'df234305-8a47-4b4d-8efb-716a6b695428', 'richard.norton@example.com', NULL, 'Richard', 'Norton', NULL, 0, 0, '2025-07-10 23:00:28', '2025-07-10 23:00:28');
INSERT INTO `user` (`id`, `fullname`, `tenant_id`, `email`, `contact`, `firstname`, `lastname`, `middlename`, `deleted`, `inactive`, `created_on`, `modified_on`) VALUES ('c05b80ad-a863-4e12-9d33-4e619b90d64d', 'Amanda Kidd PhD', 'df234305-8a47-4b4d-8efb-716a6b695428', 'amanda.kiddphd@example.com', NULL, 'Amanda', 'Kidd PhD', NULL, 0, 0, '2025-07-10 23:00:28', '2025-07-10 23:00:28');
INSERT INTO `user` (`id`, `fullname`, `tenant_id`, `email`, `contact`, `firstname`, `lastname`, `middlename`, `deleted`, `inactive`, `created_on`, `modified_on`) VALUES ('e3567cca-71c6-4048-b362-d4199d521e89', 'Carolyn Silva', 'df234305-8a47-4b4d-8efb-716a6b695428', 'carolyn.silva@example.com', NULL, 'Carolyn', 'Silva', NULL, 0, 0, '2025-07-10 23:00:28', '2025-07-10 23:00:28');
INSERT INTO `user` (`id`, `fullname`, `tenant_id`, `email`, `contact`, `firstname`, `lastname`, `middlename`, `deleted`, `inactive`, `created_on`, `modified_on`) VALUES ('7fc25de7-05d6-4e6f-9b89-0373d616069e', 'Brianna Brown', 'df234305-8a47-4b4d-8efb-716a6b695428', 'brianna.brown@example.com', NULL, 'Brianna', 'Brown', NULL, 0, 0, '2025-07-10 23:00:28', '2025-07-10 23:00:28');
INSERT INTO `user` (`id`, `fullname`, `tenant_id`, `email`, `contact`, `firstname`, `lastname`, `middlename`, `deleted`, `inactive`, `created_on`, `modified_on`) VALUES ('7d1fb982-7ff6-4b09-8f02-e447f11c54fc', 'Melissa Guzman', 'df234305-8a47-4b4d-8efb-716a6b695428', 'melissa.guzman@example.com', NULL, 'Melissa', 'Guzman', NULL, 0, 0, '2025-07-10 23:00:28', '2025-07-10 23:00:28');
INSERT INTO `user` (`id`, `fullname`, `tenant_id`, `email`, `contact`, `firstname`, `lastname`, `middlename`, `deleted`, `inactive`, `created_on`, `modified_on`) VALUES ('73eb1545-9af2-49f8-88e0-92c937120f95', 'Colin Waters', 'df234305-8a47-4b4d-8efb-716a6b695428', 'colin.waters@example.com', NULL, 'Colin', 'Waters', NULL, 0, 0, '2025-07-10 23:00:28', '2025-07-10 23:00:28');
INSERT INTO `user` (`id`, `fullname`, `tenant_id`, `email`, `contact`, `firstname`, `lastname`, `middlename`, `deleted`, `inactive`, `created_on`, `modified_on`) VALUES ('7ef7c675-235c-47cf-87af-b78d186a32ad', 'Richard Ellis', 'df234305-8a47-4b4d-8efb-716a6b695428', 'richard.ellis@example.com', NULL, 'Richard', 'Ellis', NULL, 0, 0, '2025-07-10 23:00:28', '2025-07-10 23:00:28');
INSERT INTO `user` (`id`, `fullname`, `tenant_id`, `email`, `contact`, `firstname`, `lastname`, `middlename`, `deleted`, `inactive`, `created_on`, `modified_on`) VALUES ('2e17035c-58ab-4c3c-b332-9db1b2215564', 'Patty Collins', 'df234305-8a47-4b4d-8efb-716a6b695428', 'patty.collins@example.com', NULL, 'Patty', 'Collins', NULL, 0, 0, '2025-07-10 23:00:28', '2025-07-10 23:00:28');
INSERT INTO `user` (`id`, `fullname`, `tenant_id`, `email`, `contact`, `firstname`, `lastname`, `middlename`, `deleted`, `inactive`, `created_on`, `modified_on`) VALUES ('ee5a92ce-1fec-4606-a35c-7fbbece23c9c', 'Wayne Clark', 'df234305-8a47-4b4d-8efb-716a6b695428', 'wayne.clark@example.com', NULL, 'Wayne', 'Clark', NULL, 0, 0, '2025-07-10 23:00:28', '2025-07-10 23:00:28');
INSERT INTO `user` (`id`, `fullname`, `tenant_id`, `email`, `contact`, `firstname`, `lastname`, `middlename`, `deleted`, `inactive`, `created_on`, `modified_on`) VALUES ('16c3cfac-cda9-4f44-8a44-2d1e9f9a58c5', 'Nichole Williams', 'df234305-8a47-4b4d-8efb-716a6b695428', 'nichole.williams@example.com', NULL, 'Nichole', 'Williams', NULL, 0, 0, '2025-07-10 23:00:28', '2025-07-10 23:00:28');
INSERT INTO `user` (`id`, `fullname`, `tenant_id`, `email`, `contact`, `firstname`, `lastname`, `middlename`, `deleted`, `inactive`, `created_on`, `modified_on`) VALUES ('f06727f6-ec2f-485a-8177-50e1023597f6', 'Deborah Christian', 'df234305-8a47-4b4d-8efb-716a6b695428', 'deborah.christian@example.com', NULL, 'Deborah', 'Christian', NULL, 0, 0, '2025-07-10 23:00:28', '2025-07-10 23:00:28');
INSERT INTO `user` (`id`, `fullname`, `tenant_id`, `email`, `contact`, `firstname`, `lastname`, `middlename`, `deleted`, `inactive`, `created_on`, `modified_on`) VALUES ('bf43cbd1-d4be-4c97-9500-ecd8e2a5a66e', 'Jason Perry', 'df234305-8a47-4b4d-8efb-716a6b695428', 'jason.perry@example.com', NULL, 'Jason', 'Perry', NULL, 0, 0, '2025-07-10 23:00:28', '2025-07-10 23:00:28');
INSERT INTO `user` (`id`, `fullname`, `tenant_id`, `email`, `contact`, `firstname`, `lastname`, `middlename`, `deleted`, `inactive`, `created_on`, `modified_on`) VALUES ('16766877-16b1-4d44-9f33-eb213b75c82c', 'Jennifer Brown', 'df234305-8a47-4b4d-8efb-716a6b695428', 'jennifer.brown@example.com', NULL, 'Jennifer', 'Brown', NULL, 0, 0, '2025-07-10 23:00:28', '2025-07-10 23:00:28');
INSERT INTO `user` (`id`, `fullname`, `tenant_id`, `email`, `contact`, `firstname`, `lastname`, `middlename`, `deleted`, `inactive`, `created_on`, `modified_on`) VALUES ('a37a6142-6cdd-4d81-8901-471a748e2836', 'Michael Robles', 'df234305-8a47-4b4d-8efb-716a6b695428', 'michael.robles@example.com', NULL, 'Michael', 'Robles', NULL, 0, 0, '2025-07-10 23:00:28', '2025-07-10 23:00:28');
INSERT INTO `user` (`id`, `fullname`, `tenant_id`, `email`, `contact`, `firstname`, `lastname`, `middlename`, `deleted`, `inactive`, `created_on`, `modified_on`) VALUES ('fa5edd07-da57-4716-9257-773847f0a2b1', 'Shari Nelson', 'df234305-8a47-4b4d-8efb-716a6b695428', 'shari.nelson@example.com', NULL, 'Shari', 'Nelson', NULL, 0, 0, '2025-07-10 23:00:28', '2025-07-10 23:00:28');
INSERT INTO `user` (`id`, `fullname`, `tenant_id`, `email`, `contact`, `firstname`, `lastname`, `middlename`, `deleted`, `inactive`, `created_on`, `modified_on`) VALUES ('022aefb4-4015-407e-ad36-329fb22f298e', 'Heidi Herring', 'df234305-8a47-4b4d-8efb-716a6b695428', 'heidi.herring@example.com', NULL, 'Heidi', 'Herring', NULL, 0, 0, '2025-07-10 23:00:28', '2025-07-10 23:00:28');
INSERT INTO `user` (`id`, `fullname`, `tenant_id`, `email`, `contact`, `firstname`, `lastname`, `middlename`, `deleted`, `inactive`, `created_on`, `modified_on`) VALUES ('301741c2-c15c-4ccc-a6dc-4a37d1be4516', 'Jessica Richardson', 'df234305-8a47-4b4d-8efb-716a6b695428', 'jessica.richardson@example.com', NULL, 'Jessica', 'Richardson', NULL, 0, 0, '2025-07-10 23:00:28', '2025-07-10 23:00:28');
INSERT INTO `user` (`id`, `fullname`, `tenant_id`, `email`, `contact`, `firstname`, `lastname`, `middlename`, `deleted`, `inactive`, `created_on`, `modified_on`) VALUES ('75c65858-5091-442d-8100-4ddfc5fd2ac1', 'Richard Miller', 'df234305-8a47-4b4d-8efb-716a6b695428', 'richard.miller@example.com', NULL, 'Richard', 'Miller', NULL, 0, 0, '2025-07-10 23:00:28', '2025-07-10 23:00:28');
INSERT INTO `user` (`id`, `fullname`, `tenant_id`, `email`, `contact`, `firstname`, `lastname`, `middlename`, `deleted`, `inactive`, `created_on`, `modified_on`) VALUES ('0b0cf26f-3d61-4fc0-8968-f7fedf407b25', 'Wendy Owen', 'df234305-8a47-4b4d-8efb-716a6b695428', 'wendy.owen@example.com', NULL, 'Wendy', 'Owen', NULL, 0, 0, '2025-07-10 23:00:28', '2025-07-10 23:00:28');
INSERT INTO `user` (`id`, `fullname`, `tenant_id`, `email`, `contact`, `firstname`, `lastname`, `middlename`, `deleted`, `inactive`, `created_on`, `modified_on`) VALUES ('b8e14dfc-ddc0-4977-96e5-e989b152b216', 'Diana Harding', 'df234305-8a47-4b4d-8efb-716a6b695428', 'diana.harding@example.com', NULL, 'Diana', 'Harding', NULL, 0, 0, '2025-07-10 23:00:28', '2025-07-10 23:00:28');
INSERT INTO `user` (`id`, `fullname`, `tenant_id`, `email`, `contact`, `firstname`, `lastname`, `middlename`, `deleted`, `inactive`, `created_on`, `modified_on`) VALUES ('74280aa6-9936-439c-9e61-4ee622396903', 'Jeremy Bell', 'df234305-8a47-4b4d-8efb-716a6b695428', 'jeremy.bell@example.com', NULL, 'Jeremy', 'Bell', NULL, 0, 0, '2025-07-10 23:00:28', '2025-07-10 23:00:28');
INSERT INTO `user` (`id`, `fullname`, `tenant_id`, `email`, `contact`, `firstname`, `lastname`, `middlename`, `deleted`, `inactive`, `created_on`, `modified_on`) VALUES ('b7749089-39ce-4df1-9bf6-ed1ad21f2184', 'Emily Pearson', 'df234305-8a47-4b4d-8efb-716a6b695428', 'emily.pearson@example.com', NULL, 'Emily', 'Pearson', NULL, 0, 0, '2025-07-10 23:00:28', '2025-07-10 23:00:28');
INSERT INTO `user` (`id`, `fullname`, `tenant_id`, `email`, `contact`, `firstname`, `lastname`, `middlename`, `deleted`, `inactive`, `created_on`, `modified_on`) VALUES ('0b34b924-3a93-4d20-a60e-0edbfac49588', 'Robert Gay', 'df234305-8a47-4b4d-8efb-716a6b695428', 'robert.gay@example.com', NULL, 'Robert', 'Gay', NULL, 0, 0, '2025-07-10 23:00:28', '2025-07-10 23:00:28');
INSERT INTO `user` (`id`, `fullname`, `tenant_id`, `email`, `contact`, `firstname`, `lastname`, `middlename`, `deleted`, `inactive`, `created_on`, `modified_on`) VALUES ('4a623dff-9662-4314-9746-8a97f7d1ccba', 'Brenda Smith', 'df234305-8a47-4b4d-8efb-716a6b695428', 'brenda.smith@example.com', NULL, 'Brenda', 'Smith', NULL, 0, 0, '2025-07-10 23:00:28', '2025-07-10 23:00:28');
INSERT INTO `user` (`id`, `fullname`, `tenant_id`, `email`, `contact`, `firstname`, `lastname`, `middlename`, `deleted`, `inactive`, `created_on`, `modified_on`) VALUES ('5250329c-80b2-4277-843b-327c653c0c05', 'Julie Gibson', 'df234305-8a47-4b4d-8efb-716a6b695428', 'julie.gibson@example.com', NULL, 'Julie', 'Gibson', NULL, 0, 0, '2025-07-10 23:00:28', '2025-07-10 23:00:28');
INSERT INTO `user` (`id`, `fullname`, `tenant_id`, `email`, `contact`, `firstname`, `lastname`, `middlename`, `deleted`, `inactive`, `created_on`, `modified_on`) VALUES ('9a304f92-c9bd-4528-b023-c565416da4ff', 'Michele Sanchez', 'df234305-8a47-4b4d-8efb-716a6b695428', 'michele.sanchez@example.com', NULL, 'Michele', 'Sanchez', NULL, 0, 0, '2025-07-10 23:00:28', '2025-07-10 23:00:28');
INSERT INTO `user` (`id`, `fullname`, `tenant_id`, `email`, `contact`, `firstname`, `lastname`, `middlename`, `deleted`, `inactive`, `created_on`, `modified_on`) VALUES ('5732bec1-357c-4446-bce5-b9dfd9c0dae0', 'Katherine Brown', 'df234305-8a47-4b4d-8efb-716a6b695428', 'katherine.brown@example.com', NULL, 'Katherine', 'Brown', NULL, 0, 0, '2025-07-10 23:00:28', '2025-07-10 23:00:28');
INSERT INTO `user` (`id`, `fullname`, `tenant_id`, `email`, `contact`, `firstname`, `lastname`, `middlename`, `deleted`, `inactive`, `created_on`, `modified_on`) VALUES ('20b7f052-d8b4-40be-9d8c-ca95f2c28d37', 'Connor Griffith', 'df234305-8a47-4b4d-8efb-716a6b695428', 'connor.griffith@example.com', NULL, 'Connor', 'Griffith', NULL, 0, 0, '2025-07-10 23:00:28', '2025-07-10 23:00:28');
INSERT INTO `user` (`id`, `fullname`, `tenant_id`, `email`, `contact`, `firstname`, `lastname`, `middlename`, `deleted`, `inactive`, `created_on`, `modified_on`) VALUES ('32f64266-4bb9-4bf3-b879-d237154cab2b', 'April Cisneros', 'df234305-8a47-4b4d-8efb-716a6b695428', 'april.cisneros@example.com', NULL, 'April', 'Cisneros', NULL, 0, 0, '2025-07-10 23:00:28', '2025-07-10 23:00:28');
INSERT INTO `user` (`id`, `fullname`, `tenant_id`, `email`, `contact`, `firstname`, `lastname`, `middlename`, `deleted`, `inactive`, `created_on`, `modified_on`) VALUES ('5ae79865-fb2f-4fbe-bfb4-643132d455d9', 'Mr. Sean Wallace', 'df234305-8a47-4b4d-8efb-716a6b695428', 'mr..seanwallace@example.com', NULL, 'Mr.', 'Sean Wallace', NULL, 0, 0, '2025-07-10 23:00:28', '2025-07-10 23:00:28');
INSERT INTO `user` (`id`, `fullname`, `tenant_id`, `email`, `contact`, `firstname`, `lastname`, `middlename`, `deleted`, `inactive`, `created_on`, `modified_on`) VALUES ('58782a84-c590-49f2-8f4f-8aa0c7cfdf5b', 'Megan Shaffer', 'df234305-8a47-4b4d-8efb-716a6b695428', 'megan.shaffer@example.com', NULL, 'Megan', 'Shaffer', NULL, 0, 0, '2025-07-10 23:00:28', '2025-07-10 23:00:28');
INSERT INTO `user` (`id`, `fullname`, `tenant_id`, `email`, `contact`, `firstname`, `lastname`, `middlename`, `deleted`, `inactive`, `created_on`, `modified_on`) VALUES ('debc9f41-7fe4-457a-a1ce-11283aec1b4c', 'Kenneth Cisneros', 'df234305-8a47-4b4d-8efb-716a6b695428', 'kenneth.cisneros@example.com', NULL, 'Kenneth', 'Cisneros', NULL, 0, 0, '2025-07-10 23:00:28', '2025-07-10 23:00:28');
INSERT INTO `user` (`id`, `fullname`, `tenant_id`, `email`, `contact`, `firstname`, `lastname`, `middlename`, `deleted`, `inactive`, `created_on`, `modified_on`) VALUES ('9d6401e2-467b-4156-975d-db0820f1ee73', 'Keith Dunn', 'df234305-8a47-4b4d-8efb-716a6b695428', 'keith.dunn@example.com', NULL, 'Keith', 'Dunn', NULL, 0, 0, '2025-07-10 23:00:28', '2025-07-10 23:00:28');
INSERT INTO `user` (`id`, `fullname`, `tenant_id`, `email`, `contact`, `firstname`, `lastname`, `middlename`, `deleted`, `inactive`, `created_on`, `modified_on`) VALUES ('ed41993d-d6a0-4a26-8d58-d4feea7538a7', 'Joan Giles', 'df234305-8a47-4b4d-8efb-716a6b695428', 'joan.giles@example.com', NULL, 'Joan', 'Giles', NULL, 0, 0, '2025-07-10 23:00:28', '2025-07-10 23:00:28');
INSERT INTO `user` (`id`, `fullname`, `tenant_id`, `email`, `contact`, `firstname`, `lastname`, `middlename`, `deleted`, `inactive`, `created_on`, `modified_on`) VALUES ('3f96be5d-9015-4e07-8247-301a0793e05c', 'Katelyn Simmons PhD', 'df234305-8a47-4b4d-8efb-716a6b695428', 'katelyn.simmonsphd@example.com', NULL, 'Katelyn', 'Simmons PhD', NULL, 0, 0, '2025-07-10 23:00:28', '2025-07-10 23:00:28');
INSERT INTO `user` (`id`, `fullname`, `tenant_id`, `email`, `contact`, `firstname`, `lastname`, `middlename`, `deleted`, `inactive`, `created_on`, `modified_on`) VALUES ('fc79b8fd-652a-494d-9304-5011c60bc4f9', 'Rebecca Green', 'df234305-8a47-4b4d-8efb-716a6b695428', 'rebecca.green@example.com', NULL, 'Rebecca', 'Green', NULL, 0, 0, '2025-07-10 23:00:28', '2025-07-10 23:00:28');
INSERT INTO `user` (`id`, `fullname`, `tenant_id`, `email`, `contact`, `firstname`, `lastname`, `middlename`, `deleted`, `inactive`, `created_on`, `modified_on`) VALUES ('20b9c6e9-feb7-46f8-9b45-08a9dce0efab', 'Lawrence Burns', 'df234305-8a47-4b4d-8efb-716a6b695428', 'lawrence.burns@example.com', NULL, 'Lawrence', 'Burns', NULL, 0, 0, '2025-07-10 23:00:28', '2025-07-10 23:00:28');
INSERT INTO `user` (`id`, `fullname`, `tenant_id`, `email`, `contact`, `firstname`, `lastname`, `middlename`, `deleted`, `inactive`, `created_on`, `modified_on`) VALUES ('c16b5d8a-8a71-43fa-ae42-359271f8e6df', 'Susan Garcia', 'df234305-8a47-4b4d-8efb-716a6b695428', 'susan.garcia@example.com', NULL, 'Susan', 'Garcia', NULL, 0, 0, '2025-07-10 23:00:28', '2025-07-10 23:00:28');
INSERT INTO `user` (`id`, `fullname`, `tenant_id`, `email`, `contact`, `firstname`, `lastname`, `middlename`, `deleted`, `inactive`, `created_on`, `modified_on`) VALUES ('5faca85f-78b1-4771-ba36-67b012c19751', 'Erik Landry', 'df234305-8a47-4b4d-8efb-716a6b695428', 'erik.landry@example.com', NULL, 'Erik', 'Landry', NULL, 0, 0, '2025-07-10 23:00:28', '2025-07-10 23:00:28');
INSERT INTO `user` (`id`, `fullname`, `tenant_id`, `email`, `contact`, `firstname`, `lastname`, `middlename`, `deleted`, `inactive`, `created_on`, `modified_on`) VALUES ('09c042e9-08ac-4b3d-8c47-c076fb6b84a2', 'Anthony Bernard', 'df234305-8a47-4b4d-8efb-716a6b695428', 'anthony.bernard@example.com', NULL, 'Anthony', 'Bernard', NULL, 0, 0, '2025-07-10 23:00:28', '2025-07-10 23:00:28');
INSERT INTO `user` (`id`, `fullname`, `tenant_id`, `email`, `contact`, `firstname`, `lastname`, `middlename`, `deleted`, `inactive`, `created_on`, `modified_on`) VALUES ('13180c77-ce54-484d-b63f-acc2e5075dc5', 'Todd Pruitt', 'df234305-8a47-4b4d-8efb-716a6b695428', 'todd.pruitt@example.com', NULL, 'Todd', 'Pruitt', NULL, 0, 0, '2025-07-10 23:00:28', '2025-07-10 23:00:28');
INSERT INTO `user` (`id`, `fullname`, `tenant_id`, `email`, `contact`, `firstname`, `lastname`, `middlename`, `deleted`, `inactive`, `created_on`, `modified_on`) VALUES ('bcc61878-514b-4068-be4a-c46377d7e851', 'Jorge Moore', 'df234305-8a47-4b4d-8efb-716a6b695428', 'jorge.moore@example.com', NULL, 'Jorge', 'Moore', NULL, 0, 0, '2025-07-10 23:00:28', '2025-07-10 23:00:28');
INSERT INTO `user` (`id`, `fullname`, `tenant_id`, `email`, `contact`, `firstname`, `lastname`, `middlename`, `deleted`, `inactive`, `created_on`, `modified_on`) VALUES ('2d7283a5-4bed-4b28-8629-23984052ae95', 'Clayton Nelson', 'df234305-8a47-4b4d-8efb-716a6b695428', 'clayton.nelson@example.com', NULL, 'Clayton', 'Nelson', NULL, 0, 0, '2025-07-10 23:00:28', '2025-07-10 23:00:28');
INSERT INTO `user` (`id`, `fullname`, `tenant_id`, `email`, `contact`, `firstname`, `lastname`, `middlename`, `deleted`, `inactive`, `created_on`, `modified_on`) VALUES ('0e24111e-4a38-48b7-8ce7-98573b0a0b92', 'Laura Massey', 'df234305-8a47-4b4d-8efb-716a6b695428', 'laura.massey@example.com', NULL, 'Laura', 'Massey', NULL, 0, 0, '2025-07-10 23:00:28', '2025-07-10 23:00:28');
INSERT INTO `user` (`id`, `fullname`, `tenant_id`, `email`, `contact`, `firstname`, `lastname`, `middlename`, `deleted`, `inactive`, `created_on`, `modified_on`) VALUES ('06f35d07-f9a5-4101-a507-5c9ae6ff2a0f', 'Debbie Payne', 'df234305-8a47-4b4d-8efb-716a6b695428', 'debbie.payne@example.com', NULL, 'Debbie', 'Payne', NULL, 0, 0, '2025-07-10 23:00:28', '2025-07-10 23:00:28');
INSERT INTO `user` (`id`, `fullname`, `tenant_id`, `email`, `contact`, `firstname`, `lastname`, `middlename`, `deleted`, `inactive`, `created_on`, `modified_on`) VALUES ('5f14d5ff-f450-4190-b076-6c3de95aea52', 'Walter Munoz', 'df234305-8a47-4b4d-8efb-716a6b695428', 'walter.munoz@example.com', NULL, 'Walter', 'Munoz', NULL, 0, 0, '2025-07-10 23:00:28', '2025-07-10 23:00:28');
INSERT INTO `user` (`id`, `fullname`, `tenant_id`, `email`, `contact`, `firstname`, `lastname`, `middlename`, `deleted`, `inactive`, `created_on`, `modified_on`) VALUES ('7215d2bd-30ce-4c00-ba76-e2af13770676', 'Sean Perkins', 'df234305-8a47-4b4d-8efb-716a6b695428', 'sean.perkins@example.com', NULL, 'Sean', 'Perkins', NULL, 0, 0, '2025-07-10 23:00:28', '2025-07-10 23:00:28');
INSERT INTO `user` (`id`, `fullname`, `tenant_id`, `email`, `contact`, `firstname`, `lastname`, `middlename`, `deleted`, `inactive`, `created_on`, `modified_on`) VALUES ('a09ae28d-e295-47f7-88b3-eebe365e162b', 'Robert Cook', 'df234305-8a47-4b4d-8efb-716a6b695428', 'robert.cook@example.com', NULL, 'Robert', 'Cook', NULL, 0, 0, '2025-07-10 23:00:28', '2025-07-10 23:00:28');
INSERT INTO `user` (`id`, `fullname`, `tenant_id`, `email`, `contact`, `firstname`, `lastname`, `middlename`, `deleted`, `inactive`, `created_on`, `modified_on`) VALUES ('27b6563f-6434-4861-9771-7770991e0789', 'Robert Holt', 'df234305-8a47-4b4d-8efb-716a6b695428', 'robert.holt@example.com', NULL, 'Robert', 'Holt', NULL, 0, 0, '2025-07-10 23:00:28', '2025-07-10 23:00:28');
INSERT INTO `user` (`id`, `fullname`, `tenant_id`, `email`, `contact`, `firstname`, `lastname`, `middlename`, `deleted`, `inactive`, `created_on`, `modified_on`) VALUES ('41d08787-f761-4338-a44a-b684196f6d7c', 'Timothy Dixon', 'df234305-8a47-4b4d-8efb-716a6b695428', 'timothy.dixon@example.com', NULL, 'Timothy', 'Dixon', NULL, 0, 0, '2025-07-10 23:00:28', '2025-07-10 23:00:28');
INSERT INTO `user` (`id`, `fullname`, `tenant_id`, `email`, `contact`, `firstname`, `lastname`, `middlename`, `deleted`, `inactive`, `created_on`, `modified_on`) VALUES ('662dc541-fcd2-4cf3-a882-38fe0bfc6a70', 'John Barnes', 'df234305-8a47-4b4d-8efb-716a6b695428', 'john.barnes@example.com', NULL, 'John', 'Barnes', NULL, 0, 0, '2025-07-10 23:00:28', '2025-07-10 23:00:28');
INSERT INTO `user` (`id`, `fullname`, `tenant_id`, `email`, `contact`, `firstname`, `lastname`, `middlename`, `deleted`, `inactive`, `created_on`, `modified_on`) VALUES ('4ed1a269-cda3-455e-adb8-aefd51c4ad8d', 'Rebecca Wiggins', 'df234305-8a47-4b4d-8efb-716a6b695428', 'rebecca.wiggins@example.com', NULL, 'Rebecca', 'Wiggins', NULL, 0, 0, '2025-07-10 23:00:28', '2025-07-10 23:00:28');
INSERT INTO `user` (`id`, `fullname`, `tenant_id`, `email`, `contact`, `firstname`, `lastname`, `middlename`, `deleted`, `inactive`, `created_on`, `modified_on`) VALUES ('e5a22517-c158-42a4-a126-91b0b9736c98', 'Dustin Wilson', 'df234305-8a47-4b4d-8efb-716a6b695428', 'dustin.wilson@example.com', NULL, 'Dustin', 'Wilson', NULL, 0, 0, '2025-07-10 23:00:28', '2025-07-10 23:00:28');
INSERT INTO `user` (`id`, `fullname`, `tenant_id`, `email`, `contact`, `firstname`, `lastname`, `middlename`, `deleted`, `inactive`, `created_on`, `modified_on`) VALUES ('481b8a10-2ab3-4c32-9578-802e62e056d1', 'Cynthia Butler', 'df234305-8a47-4b4d-8efb-716a6b695428', 'cynthia.butler@example.com', NULL, 'Cynthia', 'Butler', NULL, 0, 0, '2025-07-10 23:00:28', '2025-07-10 23:00:28');
INSERT INTO `user` (`id`, `fullname`, `tenant_id`, `email`, `contact`, `firstname`, `lastname`, `middlename`, `deleted`, `inactive`, `created_on`, `modified_on`) VALUES ('4d99d0b6-91b4-43ae-88ff-d940df12b101', 'Kathryn Jones', 'df234305-8a47-4b4d-8efb-716a6b695428', 'kathryn.jones@example.com', NULL, 'Kathryn', 'Jones', NULL, 0, 0, '2025-07-10 23:00:28', '2025-07-10 23:00:28');
INSERT INTO `user` (`id`, `fullname`, `tenant_id`, `email`, `contact`, `firstname`, `lastname`, `middlename`, `deleted`, `inactive`, `created_on`, `modified_on`) VALUES ('0352f9dd-b448-4a1e-a434-4d5c3168e2cf', 'Manuel Roman', 'df234305-8a47-4b4d-8efb-716a6b695428', 'manuel.roman@example.com', NULL, 'Manuel', 'Roman', NULL, 0, 0, '2025-07-10 23:00:28', '2025-07-10 23:00:28');
INSERT INTO `user` (`id`, `fullname`, `tenant_id`, `email`, `contact`, `firstname`, `lastname`, `middlename`, `deleted`, `inactive`, `created_on`, `modified_on`) VALUES ('cb677d76-67e9-473b-a0ce-b0b2f44c183c', 'Kathryn Phillips', 'df234305-8a47-4b4d-8efb-716a6b695428', 'kathryn.phillips@example.com', NULL, 'Kathryn', 'Phillips', NULL, 0, 0, '2025-07-10 23:00:28', '2025-07-10 23:00:28');
INSERT INTO `user` (`id`, `fullname`, `tenant_id`, `email`, `contact`, `firstname`, `lastname`, `middlename`, `deleted`, `inactive`, `created_on`, `modified_on`) VALUES ('95aaef32-7567-458e-b02c-701f8e4dc102', 'Shelly Marshall', 'df234305-8a47-4b4d-8efb-716a6b695428', 'shelly.marshall@example.com', NULL, 'Shelly', 'Marshall', NULL, 0, 0, '2025-07-10 23:00:28', '2025-07-10 23:00:28');
INSERT INTO `user` (`id`, `fullname`, `tenant_id`, `email`, `contact`, `firstname`, `lastname`, `middlename`, `deleted`, `inactive`, `created_on`, `modified_on`) VALUES ('3de7176b-5b7a-4cd0-a0bc-2617bf551cd1', 'Bonnie Sims', 'df234305-8a47-4b4d-8efb-716a6b695428', 'bonnie.sims@example.com', NULL, 'Bonnie', 'Sims', NULL, 0, 0, '2025-07-10 23:00:28', '2025-07-10 23:00:28');
INSERT INTO `user` (`id`, `fullname`, `tenant_id`, `email`, `contact`, `firstname`, `lastname`, `middlename`, `deleted`, `inactive`, `created_on`, `modified_on`) VALUES ('4ea9fdc9-15aa-4b56-a4d9-8505298d0c75', 'Brandon Blackburn', 'df234305-8a47-4b4d-8efb-716a6b695428', 'brandon.blackburn@example.com', NULL, 'Brandon', 'Blackburn', NULL, 0, 0, '2025-07-10 23:00:28', '2025-07-10 23:00:28');
INSERT INTO `user` (`id`, `fullname`, `tenant_id`, `email`, `contact`, `firstname`, `lastname`, `middlename`, `deleted`, `inactive`, `created_on`, `modified_on`) VALUES ('43f21168-2bbb-4e4b-bfac-733e82b7833c', 'Angela Mayo', 'df234305-8a47-4b4d-8efb-716a6b695428', 'angela.mayo@example.com', NULL, 'Angela', 'Mayo', NULL, 0, 0, '2025-07-10 23:00:28', '2025-07-10 23:00:28');
INSERT INTO `user` (`id`, `fullname`, `tenant_id`, `email`, `contact`, `firstname`, `lastname`, `middlename`, `deleted`, `inactive`, `created_on`, `modified_on`) VALUES ('fe88edee-33f6-4857-9ec0-3309518a3caa', 'Marie Pitts', 'df234305-8a47-4b4d-8efb-716a6b695428', 'marie.pitts@example.com', NULL, 'Marie', 'Pitts', NULL, 0, 0, '2025-07-10 23:00:28', '2025-07-10 23:00:28');
INSERT INTO `user` (`id`, `fullname`, `tenant_id`, `email`, `contact`, `firstname`, `lastname`, `middlename`, `deleted`, `inactive`, `created_on`, `modified_on`) VALUES ('884c5d6c-f29e-4050-8bfd-e0969cf0f601', 'Dorothy Rubio', 'df234305-8a47-4b4d-8efb-716a6b695428', 'dorothy.rubio@example.com', NULL, 'Dorothy', 'Rubio', NULL, 0, 0, '2025-07-10 23:00:28', '2025-07-10 23:00:28');
INSERT INTO `user` (`id`, `fullname`, `tenant_id`, `email`, `contact`, `firstname`, `lastname`, `middlename`, `deleted`, `inactive`, `created_on`, `modified_on`) VALUES ('5287411f-5a43-4caf-b48e-d0c669e7eecb', 'Roy Mann', 'df234305-8a47-4b4d-8efb-716a6b695428', 'roy.mann@example.com', NULL, 'Roy', 'Mann', NULL, 0, 0, '2025-07-10 23:00:28', '2025-07-10 23:00:28');
INSERT INTO `user` (`id`, `fullname`, `tenant_id`, `email`, `contact`, `firstname`, `lastname`, `middlename`, `deleted`, `inactive`, `created_on`, `modified_on`) VALUES ('7663a5fd-8809-4960-86e0-4b5e8c3fb786', 'Jessica Hernandez', 'df234305-8a47-4b4d-8efb-716a6b695428', 'jessica.hernandez@example.com', NULL, 'Jessica', 'Hernandez', NULL, 0, 0, '2025-07-10 23:00:28', '2025-07-10 23:00:28');
INSERT INTO `user` (`id`, `fullname`, `tenant_id`, `email`, `contact`, `firstname`, `lastname`, `middlename`, `deleted`, `inactive`, `created_on`, `modified_on`) VALUES ('371e67c5-c130-4f68-8df0-3867f57c16cf', 'Brandon Hernandez', 'df234305-8a47-4b4d-8efb-716a6b695428', 'brandon.hernandez@example.com', NULL, 'Brandon', 'Hernandez', NULL, 0, 0, '2025-07-10 23:00:28', '2025-07-10 23:00:28');
INSERT INTO `user` (`id`, `fullname`, `tenant_id`, `email`, `contact`, `firstname`, `lastname`, `middlename`, `deleted`, `inactive`, `created_on`, `modified_on`) VALUES ('cd6e9073-886f-4961-8cda-d48cfa7c2459', 'Kevin Tate', 'df234305-8a47-4b4d-8efb-716a6b695428', 'kevin.tate@example.com', NULL, 'Kevin', 'Tate', NULL, 0, 0, '2025-07-10 23:00:28', '2025-07-10 23:00:28');
INSERT INTO `user` (`id`, `fullname`, `tenant_id`, `email`, `contact`, `firstname`, `lastname`, `middlename`, `deleted`, `inactive`, `created_on`, `modified_on`) VALUES ('7638b448-8fe0-4cf0-af36-84d58d38a5ae', 'Erica Moore', 'df234305-8a47-4b4d-8efb-716a6b695428', 'erica.moore@example.com', NULL, 'Erica', 'Moore', NULL, 0, 0, '2025-07-10 23:00:28', '2025-07-10 23:00:28');
INSERT INTO `user` (`id`, `fullname`, `tenant_id`, `email`, `contact`, `firstname`, `lastname`, `middlename`, `deleted`, `inactive`, `created_on`, `modified_on`) VALUES ('975926e2-53a7-4bd3-841f-a7f7b9144c1b', 'Jennifer Gibson', 'df234305-8a47-4b4d-8efb-716a6b695428', 'jennifer.gibson@example.com', NULL, 'Jennifer', 'Gibson', NULL, 0, 0, '2025-07-10 23:00:28', '2025-07-10 23:00:28');
INSERT INTO `user` (`id`, `fullname`, `tenant_id`, `email`, `contact`, `firstname`, `lastname`, `middlename`, `deleted`, `inactive`, `created_on`, `modified_on`) VALUES ('5f83c54c-2ba9-406f-bd28-8e357db4f931', 'William Carney', 'df234305-8a47-4b4d-8efb-716a6b695428', 'william.carney@example.com', NULL, 'William', 'Carney', NULL, 0, 0, '2025-07-10 23:00:28', '2025-07-10 23:00:28');
INSERT INTO `user` (`id`, `fullname`, `tenant_id`, `email`, `contact`, `firstname`, `lastname`, `middlename`, `deleted`, `inactive`, `created_on`, `modified_on`) VALUES ('92180d98-cfae-4637-961d-61dd176d66c0', 'Jennifer Medina', 'df234305-8a47-4b4d-8efb-716a6b695428', 'jennifer.medina@example.com', NULL, 'Jennifer', 'Medina', NULL, 0, 0, '2025-07-10 23:00:28', '2025-07-10 23:00:28');
INSERT INTO `user` (`id`, `fullname`, `tenant_id`, `email`, `contact`, `firstname`, `lastname`, `middlename`, `deleted`, `inactive`, `created_on`, `modified_on`) VALUES ('c4bafbc9-462e-4691-9e9e-776781a61a39', 'Aaron Vance', 'df234305-8a47-4b4d-8efb-716a6b695428', 'aaron.vance@example.com', NULL, 'Aaron', 'Vance', NULL, 0, 0, '2025-07-10 23:00:28', '2025-07-10 23:00:28');
INSERT INTO `user` (`id`, `fullname`, `tenant_id`, `email`, `contact`, `firstname`, `lastname`, `middlename`, `deleted`, `inactive`, `created_on`, `modified_on`) VALUES ('2d4c5d2f-bcec-4a31-ad52-181e38bb169a', 'Kimberly White', 'df234305-8a47-4b4d-8efb-716a6b695428', 'kimberly.white@example.com', NULL, 'Kimberly', 'White', NULL, 0, 0, '2025-07-10 23:00:28', '2025-07-10 23:00:28');
INSERT INTO `user` (`id`, `fullname`, `tenant_id`, `email`, `contact`, `firstname`, `lastname`, `middlename`, `deleted`, `inactive`, `created_on`, `modified_on`) VALUES ('7c97bbd0-095f-4c28-98ae-e873d056ae9d', 'Brian Shannon', 'df234305-8a47-4b4d-8efb-716a6b695428', 'brian.shannon@example.com', NULL, 'Brian', 'Shannon', NULL, 0, 0, '2025-07-10 23:00:28', '2025-07-10 23:00:28');
INSERT INTO `user` (`id`, `fullname`, `tenant_id`, `email`, `contact`, `firstname`, `lastname`, `middlename`, `deleted`, `inactive`, `created_on`, `modified_on`) VALUES ('04e058b8-7ca4-4034-a670-340f58f49ea8', 'Logan Webb', 'df234305-8a47-4b4d-8efb-716a6b695428', 'logan.webb@example.com', NULL, 'Logan', 'Webb', NULL, 0, 0, '2025-07-10 23:00:28', '2025-07-10 23:00:28');
INSERT INTO `user` (`id`, `fullname`, `tenant_id`, `email`, `contact`, `firstname`, `lastname`, `middlename`, `deleted`, `inactive`, `created_on`, `modified_on`) VALUES ('1b7bdc4f-547c-4d7b-981a-bdef54bf6262', 'Kimberly Jones', 'df234305-8a47-4b4d-8efb-716a6b695428', 'kimberly.jones@example.com', NULL, 'Kimberly', 'Jones', NULL, 0, 0, '2025-07-10 23:00:28', '2025-07-10 23:00:28');
INSERT INTO `user` (`id`, `fullname`, `tenant_id`, `email`, `contact`, `firstname`, `lastname`, `middlename`, `deleted`, `inactive`, `created_on`, `modified_on`) VALUES ('d3c01887-ef5c-4915-afbd-b41840f40794', 'Mr. Joseph Sharp MD', 'df234305-8a47-4b4d-8efb-716a6b695428', 'mr..josephsharpmd@example.com', NULL, 'Mr.', 'Joseph Sharp MD', NULL, 0, 0, '2025-07-10 23:00:28', '2025-07-10 23:00:28');
INSERT INTO `user` (`id`, `fullname`, `tenant_id`, `email`, `contact`, `firstname`, `lastname`, `middlename`, `deleted`, `inactive`, `created_on`, `modified_on`) VALUES ('01dd74b4-fa47-4c1e-bcdc-2fbf2a49e8d6', 'Thomas Barnes', 'df234305-8a47-4b4d-8efb-716a6b695428', 'thomas.barnes@example.com', NULL, 'Thomas', 'Barnes', NULL, 0, 0, '2025-07-10 23:00:28', '2025-07-10 23:00:28');
INSERT INTO `user` (`id`, `fullname`, `tenant_id`, `email`, `contact`, `firstname`, `lastname`, `middlename`, `deleted`, `inactive`, `created_on`, `modified_on`) VALUES ('33595f12-c28a-4d99-a7c0-b663bc1de882', 'Glenn Mitchell', 'df234305-8a47-4b4d-8efb-716a6b695428', 'glenn.mitchell@example.com', NULL, 'Glenn', 'Mitchell', NULL, 0, 0, '2025-07-10 23:00:28', '2025-07-10 23:00:28');
INSERT INTO `user` (`id`, `fullname`, `tenant_id`, `email`, `contact`, `firstname`, `lastname`, `middlename`, `deleted`, `inactive`, `created_on`, `modified_on`) VALUES ('e9b9d121-e02d-4a01-b074-4b05855d652c', 'Kimberly Peters', 'df234305-8a47-4b4d-8efb-716a6b695428', 'kimberly.peters@example.com', NULL, 'Kimberly', 'Peters', NULL, 0, 0, '2025-07-10 23:00:28', '2025-07-10 23:00:28');
INSERT INTO `user` (`id`, `fullname`, `tenant_id`, `email`, `contact`, `firstname`, `lastname`, `middlename`, `deleted`, `inactive`, `created_on`, `modified_on`) VALUES ('6694dfa1-9940-4844-ac17-64b831b98c67', 'Michelle Bennett', 'df234305-8a47-4b4d-8efb-716a6b695428', 'michelle.bennett@example.com', NULL, 'Michelle', 'Bennett', NULL, 0, 0, '2025-07-10 23:00:28', '2025-07-10 23:00:28');
INSERT INTO `user` (`id`, `fullname`, `tenant_id`, `email`, `contact`, `firstname`, `lastname`, `middlename`, `deleted`, `inactive`, `created_on`, `modified_on`) VALUES ('cc4a221e-cbc6-4e96-9df4-d4f57c57e90b', 'Pamela Herrera', 'df234305-8a47-4b4d-8efb-716a6b695428', 'pamela.herrera@example.com', NULL, 'Pamela', 'Herrera', NULL, 0, 0, '2025-07-10 23:00:28', '2025-07-10 23:00:28');
INSERT INTO `user` (`id`, `fullname`, `tenant_id`, `email`, `contact`, `firstname`, `lastname`, `middlename`, `deleted`, `inactive`, `created_on`, `modified_on`) VALUES ('a3356a8d-7ec5-4949-8c1a-01bbe0f60e98', 'Michael Anderson', 'df234305-8a47-4b4d-8efb-716a6b695428', 'michael.anderson@example.com', NULL, 'Michael', 'Anderson', NULL, 0, 0, '2025-07-10 23:00:28', '2025-07-10 23:00:28');
INSERT INTO `user` (`id`, `fullname`, `tenant_id`, `email`, `contact`, `firstname`, `lastname`, `middlename`, `deleted`, `inactive`, `created_on`, `modified_on`) VALUES ('a0cd7967-e800-4865-af82-718bb9688d8a', 'Ryan Freeman', 'df234305-8a47-4b4d-8efb-716a6b695428', 'ryan.freeman@example.com', NULL, 'Ryan', 'Freeman', NULL, 0, 0, '2025-07-10 23:00:28', '2025-07-10 23:00:28');
INSERT INTO `user` (`id`, `fullname`, `tenant_id`, `email`, `contact`, `firstname`, `lastname`, `middlename`, `deleted`, `inactive`, `created_on`, `modified_on`) VALUES ('a0f713d1-58c7-4767-a3d1-0ecd25acbe3c', 'Tara Hernandez', 'df234305-8a47-4b4d-8efb-716a6b695428', 'tara.hernandez@example.com', NULL, 'Tara', 'Hernandez', NULL, 0, 0, '2025-07-10 23:00:28', '2025-07-10 23:00:28');
INSERT INTO `user` (`id`, `fullname`, `tenant_id`, `email`, `contact`, `firstname`, `lastname`, `middlename`, `deleted`, `inactive`, `created_on`, `modified_on`) VALUES ('23a39f54-2a77-485f-a141-3acb1da0ff8c', 'Jamie Vazquez', 'df234305-8a47-4b4d-8efb-716a6b695428', 'jamie.vazquez@example.com', NULL, 'Jamie', 'Vazquez', NULL, 0, 0, '2025-07-10 23:00:28', '2025-07-10 23:00:28');
INSERT INTO `user` (`id`, `fullname`, `tenant_id`, `email`, `contact`, `firstname`, `lastname`, `middlename`, `deleted`, `inactive`, `created_on`, `modified_on`) VALUES ('e127a0ee-3550-4eb9-b4bd-ecc3b4336707', 'Andrew Williams', 'df234305-8a47-4b4d-8efb-716a6b695428', 'andrew.williams@example.com', NULL, 'Andrew', 'Williams', NULL, 0, 0, '2025-07-10 23:00:28', '2025-07-10 23:00:28');
INSERT INTO `user` (`id`, `fullname`, `tenant_id`, `email`, `contact`, `firstname`, `lastname`, `middlename`, `deleted`, `inactive`, `created_on`, `modified_on`) VALUES ('788c3def-2b72-4b2c-a643-132af9c08481', 'Lindsay Matthews', 'df234305-8a47-4b4d-8efb-716a6b695428', 'lindsay.matthews@example.com', NULL, 'Lindsay', 'Matthews', NULL, 0, 0, '2025-07-10 23:00:28', '2025-07-10 23:00:28');
INSERT INTO `user` (`id`, `fullname`, `tenant_id`, `email`, `contact`, `firstname`, `lastname`, `middlename`, `deleted`, `inactive`, `created_on`, `modified_on`) VALUES ('8f804fc7-229f-40a1-896d-d36c0743f885', 'Marissa Smith', 'df234305-8a47-4b4d-8efb-716a6b695428', 'marissa.smith@example.com', NULL, 'Marissa', 'Smith', NULL, 0, 0, '2025-07-10 23:00:28', '2025-07-10 23:00:28');
INSERT INTO `user` (`id`, `fullname`, `tenant_id`, `email`, `contact`, `firstname`, `lastname`, `middlename`, `deleted`, `inactive`, `created_on`, `modified_on`) VALUES ('f89d2ba7-ddf3-4868-887a-43cb7b109a65', 'Tyler Harris', 'df234305-8a47-4b4d-8efb-716a6b695428', 'tyler.harris@example.com', NULL, 'Tyler', 'Harris', NULL, 0, 0, '2025-07-10 23:00:28', '2025-07-10 23:00:28');
INSERT INTO `user` (`id`, `fullname`, `tenant_id`, `email`, `contact`, `firstname`, `lastname`, `middlename`, `deleted`, `inactive`, `created_on`, `modified_on`) VALUES ('99d04352-22f8-4868-96d3-3495ec25850a', 'Megan Ruiz', 'df234305-8a47-4b4d-8efb-716a6b695428', 'megan.ruiz@example.com', NULL, 'Megan', 'Ruiz', NULL, 0, 0, '2025-07-10 23:00:28', '2025-07-10 23:00:28');
INSERT INTO `user` (`id`, `fullname`, `tenant_id`, `email`, `contact`, `firstname`, `lastname`, `middlename`, `deleted`, `inactive`, `created_on`, `modified_on`) VALUES ('16ea9fc5-70fb-4c6f-812c-dcf88e4e2f6b', 'Timothy Bryan', 'df234305-8a47-4b4d-8efb-716a6b695428', 'timothy.bryan@example.com', NULL, 'Timothy', 'Bryan', NULL, 0, 0, '2025-07-10 23:00:28', '2025-07-10 23:00:28');
INSERT INTO `user` (`id`, `fullname`, `tenant_id`, `email`, `contact`, `firstname`, `lastname`, `middlename`, `deleted`, `inactive`, `created_on`, `modified_on`) VALUES ('a825a924-9990-435a-92f6-d3ce0b572262', 'Michelle Bautista', 'df234305-8a47-4b4d-8efb-716a6b695428', 'michelle.bautista@example.com', NULL, 'Michelle', 'Bautista', NULL, 0, 0, '2025-07-10 23:00:28', '2025-07-10 23:00:28');
INSERT INTO `user` (`id`, `fullname`, `tenant_id`, `email`, `contact`, `firstname`, `lastname`, `middlename`, `deleted`, `inactive`, `created_on`, `modified_on`) VALUES ('dffc1a38-b67f-4093-bb95-6ec5c3f3ad0e', 'Joshua Arellano', 'df234305-8a47-4b4d-8efb-716a6b695428', 'joshua.arellano@example.com', NULL, 'Joshua', 'Arellano', NULL, 0, 0, '2025-07-10 23:00:28', '2025-07-10 23:00:28');
INSERT INTO `user` (`id`, `fullname`, `tenant_id`, `email`, `contact`, `firstname`, `lastname`, `middlename`, `deleted`, `inactive`, `created_on`, `modified_on`) VALUES ('0018e764-5de8-4745-9061-3bb476002a70', 'Abigail Downs', 'df234305-8a47-4b4d-8efb-716a6b695428', 'abigail.downs@example.com', NULL, 'Abigail', 'Downs', NULL, 0, 0, '2025-07-10 23:00:28', '2025-07-10 23:00:28');
INSERT INTO `user` (`id`, `fullname`, `tenant_id`, `email`, `contact`, `firstname`, `lastname`, `middlename`, `deleted`, `inactive`, `created_on`, `modified_on`) VALUES ('97d3fa41-c197-49d8-a589-9cbf681ea2df', 'David Owens', 'df234305-8a47-4b4d-8efb-716a6b695428', 'david.owens@example.com', NULL, 'David', 'Owens', NULL, 0, 0, '2025-07-10 23:00:28', '2025-07-10 23:00:28');
INSERT INTO `user` (`id`, `fullname`, `tenant_id`, `email`, `contact`, `firstname`, `lastname`, `middlename`, `deleted`, `inactive`, `created_on`, `modified_on`) VALUES ('791a02b7-4d9a-42df-b28f-6ce66e7b86b3', 'Roberto Perkins', 'df234305-8a47-4b4d-8efb-716a6b695428', 'roberto.perkins@example.com', NULL, 'Roberto', 'Perkins', NULL, 0, 0, '2025-07-10 23:00:28', '2025-07-10 23:00:28');
INSERT INTO `user` (`id`, `fullname`, `tenant_id`, `email`, `contact`, `firstname`, `lastname`, `middlename`, `deleted`, `inactive`, `created_on`, `modified_on`) VALUES ('7999dcef-efbd-44a3-9f55-3996dda5b6a7', 'Melinda Gutierrez', 'df234305-8a47-4b4d-8efb-716a6b695428', 'melinda.gutierrez@example.com', NULL, 'Melinda', 'Gutierrez', NULL, 0, 0, '2025-07-10 23:00:28', '2025-07-10 23:00:28');
INSERT INTO `user` (`id`, `fullname`, `tenant_id`, `email`, `contact`, `firstname`, `lastname`, `middlename`, `deleted`, `inactive`, `created_on`, `modified_on`) VALUES ('9ec63caf-7708-4a50-b6dc-00ad45339906', 'Lauren Gibson', 'df234305-8a47-4b4d-8efb-716a6b695428', 'lauren.gibson@example.com', NULL, 'Lauren', 'Gibson', NULL, 0, 0, '2025-07-10 23:00:28', '2025-07-10 23:00:28');
INSERT INTO `client` (`id`, `client_code`, `client_name`, `email`, `is_active`, `created_on`, `modified_on`, `tenant_id`) VALUES ('7b07550f-44ae-48c1-b79f-e257789cbebf', 1001, 'Sims Group', 'info@simsgroup.com', 1, '2025-07-10 23:00:28', '2025-07-10 23:00:28', 'df234305-8a47-4b4d-8efb-716a6b695428');
INSERT INTO `department` (`uuid`, `department`, `client_id`, `tenant_id`, `created_on`, `modified_on`) VALUES ('ea94014a-74da-4aae-b7d3-fb26ee672bcf', 'Biomedical', '7b07550f-44ae-48c1-b79f-e257789cbebf', 'df234305-8a47-4b4d-8efb-716a6b695428', '2025-07-10 23:00:28', '2025-07-10 23:00:28');
INSERT INTO `client_division` (`id`, `division_name`, `client_id`, `is_active`, `created_on`, `modified_on`, `tenant_id`) VALUES ('6a50e5ca-72bf-4bbc-a7a0-4a98c7243f9c', 'Sustainability', '7b07550f-44ae-48c1-b79f-e257789cbebf', 1, '2025-07-10 23:00:28', '2025-07-10 23:00:28', 'df234305-8a47-4b4d-8efb-716a6b695428');
INSERT INTO `client_division` (`id`, `division_name`, `client_id`, `is_active`, `created_on`, `modified_on`, `tenant_id`) VALUES ('672bc617-f693-46c4-897e-f4665c9eff46', 'Tech Enablement', '7b07550f-44ae-48c1-b79f-e257789cbebf', 1, '2025-07-10 23:00:28', '2025-07-10 23:00:28', 'df234305-8a47-4b4d-8efb-716a6b695428');
INSERT INTO `client` (`id`, `client_code`, `client_name`, `email`, `is_active`, `created_on`, `modified_on`, `tenant_id`) VALUES ('48b8dd28-ae08-492d-ad97-5cd6c0ff5e00', 1003, 'Perkins, Miller and Marquez', 'info@perkinsmillerandmarquez.com', 1, '2025-07-10 23:00:28', '2025-07-10 23:00:28', 'df234305-8a47-4b4d-8efb-716a6b695428');
INSERT INTO `department` (`uuid`, `department`, `client_id`, `tenant_id`, `created_on`, `modified_on`) VALUES ('666bc728-1945-4481-87f4-0b8f888a00bc', 'Desert Tech Research', '48b8dd28-ae08-492d-ad97-5cd6c0ff5e00', 'df234305-8a47-4b4d-8efb-716a6b695428', '2025-07-10 23:00:28', '2025-07-10 23:00:28');
INSERT INTO `client_division` (`id`, `division_name`, `client_id`, `is_active`, `created_on`, `modified_on`, `tenant_id`) VALUES ('7932a7ae-cbbf-4351-83e7-3b011d1426c4', 'R&D', '48b8dd28-ae08-492d-ad97-5cd6c0ff5e00', 1, '2025-07-10 23:00:28', '2025-07-10 23:00:28', 'df234305-8a47-4b4d-8efb-716a6b695428');
INSERT INTO `client` (`id`, `client_code`, `client_name`, `email`, `is_active`, `created_on`, `modified_on`, `tenant_id`) VALUES ('b36ff82b-0b5b-4363-b2a6-0f953cf8a690', 1005, 'Patton-Daniels', 'info@pattondaniels.com', 1, '2025-07-10 23:00:28', '2025-07-10 23:00:28', 'df234305-8a47-4b4d-8efb-716a6b695428');
INSERT INTO `department` (`uuid`, `department`, `client_id`, `tenant_id`, `created_on`, `modified_on`) VALUES ('1a81edce-fed8-4639-90f7-7a0092cbe1df', 'Robotics', 'b36ff82b-0b5b-4363-b2a6-0f953cf8a690', 'df234305-8a47-4b4d-8efb-716a6b695428', '2025-07-10 23:00:28', '2025-07-10 23:00:28');
INSERT INTO `department` (`uuid`, `department`, `client_id`, `tenant_id`, `created_on`, `modified_on`) VALUES ('f55d2491-5c5f-4792-a02c-99f6a2965cab', 'Control Systems', 'b36ff82b-0b5b-4363-b2a6-0f953cf8a690', 'df234305-8a47-4b4d-8efb-716a6b695428', '2025-07-10 23:00:28', '2025-07-10 23:00:28');
INSERT INTO `client_division` (`id`, `division_name`, `client_id`, `is_active`, `created_on`, `modified_on`, `tenant_id`) VALUES ('bcfa200d-5dad-44b8-b21c-95b8c2b3f98b', 'Tech Enablement', 'b36ff82b-0b5b-4363-b2a6-0f953cf8a690', 1, '2025-07-10 23:00:28', '2025-07-10 23:00:28', 'df234305-8a47-4b4d-8efb-716a6b695428');
INSERT INTO `client_division` (`id`, `division_name`, `client_id`, `is_active`, `created_on`, `modified_on`, `tenant_id`) VALUES ('2cebac38-69c8-48e5-a16c-6cb4556d7c66', 'Digital Transformation', 'b36ff82b-0b5b-4363-b2a6-0f953cf8a690', 1, '2025-07-10 23:00:28', '2025-07-10 23:00:28', 'df234305-8a47-4b4d-8efb-716a6b695428');
INSERT INTO `client_division` (`id`, `division_name`, `client_id`, `is_active`, `created_on`, `modified_on`, `tenant_id`) VALUES ('979ef18a-a5de-4005-b674-9fb500d9b8c0', 'Product Dev', 'b36ff82b-0b5b-4363-b2a6-0f953cf8a690', 1, '2025-07-10 23:00:28', '2025-07-10 23:00:28', 'df234305-8a47-4b4d-8efb-716a6b695428');
INSERT INTO `client` (`id`, `client_code`, `client_name`, `email`, `is_active`, `created_on`, `modified_on`, `tenant_id`) VALUES ('473eab9b-2541-4a74-8be2-57cd7352565b', 1007, 'Hernandez-Henson', 'info@hernandezhenson.com', 1, '2025-07-10 23:00:28', '2025-07-10 23:00:28', 'df234305-8a47-4b4d-8efb-716a6b695428');
INSERT INTO `department` (`uuid`, `department`, `client_id`, `tenant_id`, `created_on`, `modified_on`) VALUES ('a1f638a6-e7c9-4fc3-8b83-01681938e8ee', 'Desert Tech Research', '473eab9b-2541-4a74-8be2-57cd7352565b', 'df234305-8a47-4b4d-8efb-716a6b695428', '2025-07-10 23:00:28', '2025-07-10 23:00:28');
INSERT INTO `client_division` (`id`, `division_name`, `client_id`, `is_active`, `created_on`, `modified_on`, `tenant_id`) VALUES ('612252a5-cdbf-4fcc-a02b-4683458805cd', 'Core Tech', '473eab9b-2541-4a74-8be2-57cd7352565b', 1, '2025-07-10 23:00:28', '2025-07-10 23:00:28', 'df234305-8a47-4b4d-8efb-716a6b695428');
INSERT INTO `client` (`id`, `client_code`, `client_name`, `email`, `is_active`, `created_on`, `modified_on`, `tenant_id`) VALUES ('1430fb05-a104-4ffa-b3ab-a7fa4233e036', 1009, 'Luna-Lopez', 'info@lunalopez.com', 1, '2025-07-10 23:00:28', '2025-07-10 23:00:28', 'df234305-8a47-4b4d-8efb-716a6b695428');
INSERT INTO `department` (`uuid`, `department`, `client_id`, `tenant_id`, `created_on`, `modified_on`) VALUES ('39dc5616-3ceb-4cfa-9a17-491dfaac3280', 'APAC Regulatory', '1430fb05-a104-4ffa-b3ab-a7fa4233e036', 'df234305-8a47-4b4d-8efb-716a6b695428', '2025-07-10 23:00:28', '2025-07-10 23:00:28');
INSERT INTO `client_division` (`id`, `division_name`, `client_id`, `is_active`, `created_on`, `modified_on`, `tenant_id`) VALUES ('e00719e4-c220-4c46-89be-19e264e09828', 'Global Solutions', '1430fb05-a104-4ffa-b3ab-a7fa4233e036', 1, '2025-07-10 23:00:28', '2025-07-10 23:00:28', 'df234305-8a47-4b4d-8efb-716a6b695428');
INSERT INTO `client_division` (`id`, `division_name`, `client_id`, `is_active`, `created_on`, `modified_on`, `tenant_id`) VALUES ('73e67e77-9b22-447d-8b56-869cc8081b9f', 'Renewable Energy', '1430fb05-a104-4ffa-b3ab-a7fa4233e036', 1, '2025-07-10 23:00:28', '2025-07-10 23:00:28', 'df234305-8a47-4b4d-8efb-716a6b695428');
INSERT INTO `client` (`id`, `client_code`, `client_name`, `email`, `is_active`, `created_on`, `modified_on`, `tenant_id`) VALUES ('9c17e0c1-9d12-416d-bd39-974f407000a7', 1011, 'Jones-Dickerson', 'info@jonesdickerson.com', 1, '2025-07-10 23:00:28', '2025-07-10 23:00:28', 'df234305-8a47-4b4d-8efb-716a6b695428');
INSERT INTO `department` (`uuid`, `department`, `client_id`, `tenant_id`, `created_on`, `modified_on`) VALUES ('5d3867ce-c88f-4729-9043-d061cb159858', 'APAC Regulatory', '9c17e0c1-9d12-416d-bd39-974f407000a7', 'df234305-8a47-4b4d-8efb-716a6b695428', '2025-07-10 23:00:28', '2025-07-10 23:00:28');
INSERT INTO `client_division` (`id`, `division_name`, `client_id`, `is_active`, `created_on`, `modified_on`, `tenant_id`) VALUES ('b00303e4-784c-4ab6-bf1c-281689019017', 'ASEAN R&D', '9c17e0c1-9d12-416d-bd39-974f407000a7', 1, '2025-07-10 23:00:28', '2025-07-10 23:00:28', 'df234305-8a47-4b4d-8efb-716a6b695428');
INSERT INTO `client` (`id`, `client_code`, `client_name`, `email`, `is_active`, `created_on`, `modified_on`, `tenant_id`) VALUES ('0339e057-7e4e-4c39-a01a-d9b79180d557', 1013, 'Vargas-Boyer', 'info@vargasboyer.com', 1, '2025-07-10 23:00:28', '2025-07-10 23:00:28', 'df234305-8a47-4b4d-8efb-716a6b695428');
INSERT INTO `department` (`uuid`, `department`, `client_id`, `tenant_id`, `created_on`, `modified_on`) VALUES ('c22a50cd-50e3-4d51-992b-a843c385b03e', 'UK AI Center', '0339e057-7e4e-4c39-a01a-d9b79180d557', 'df234305-8a47-4b4d-8efb-716a6b695428', '2025-07-10 23:00:28', '2025-07-10 23:00:28');
INSERT INTO `client_division` (`id`, `division_name`, `client_id`, `is_active`, `created_on`, `modified_on`, `tenant_id`) VALUES ('1e39e101-d139-4397-bea8-12a42e6eb9db', 'R&D', '0339e057-7e4e-4c39-a01a-d9b79180d557', 1, '2025-07-10 23:00:28', '2025-07-10 23:00:28', 'df234305-8a47-4b4d-8efb-716a6b695428');
INSERT INTO `client` (`id`, `client_code`, `client_name`, `email`, `is_active`, `created_on`, `modified_on`, `tenant_id`) VALUES ('42a5c905-1f04-4583-b39b-a0487b7dc8d6', 1015, 'Lambert-Perez', 'info@lambertperez.com', 1, '2025-07-10 23:00:28', '2025-07-10 23:00:28', 'df234305-8a47-4b4d-8efb-716a6b695428');
INSERT INTO `department` (`uuid`, `department`, `client_id`, `tenant_id`, `created_on`, `modified_on`) VALUES ('61726d8f-2e9e-4c1a-98f6-376de70347f0', 'Aerospace', '42a5c905-1f04-4583-b39b-a0487b7dc8d6', 'df234305-8a47-4b4d-8efb-716a6b695428', '2025-07-10 23:00:28', '2025-07-10 23:00:28');
INSERT INTO `client_division` (`id`, `division_name`, `client_id`, `is_active`, `created_on`, `modified_on`, `tenant_id`) VALUES ('c364da34-e4b4-4e4e-a625-4c46b64eb169', 'EU Compliance', '42a5c905-1f04-4583-b39b-a0487b7dc8d6', 1, '2025-07-10 23:00:28', '2025-07-10 23:00:28', 'df234305-8a47-4b4d-8efb-716a6b695428');
INSERT INTO `client` (`id`, `client_code`, `client_name`, `email`, `is_active`, `created_on`, `modified_on`, `tenant_id`) VALUES ('a7f12653-40c8-44ba-a180-a0958a4ba101', 1017, 'Green, Hernandez and Hancock', 'info@greenhernandezandhancock.com', 1, '2025-07-10 23:00:28', '2025-07-10 23:00:28', 'df234305-8a47-4b4d-8efb-716a6b695428');
INSERT INTO `department` (`uuid`, `department`, `client_id`, `tenant_id`, `created_on`, `modified_on`) VALUES ('26b88d5d-7c03-4f29-83d6-a42ca19e7809', 'Quantum Computing', 'a7f12653-40c8-44ba-a180-a0958a4ba101', 'df234305-8a47-4b4d-8efb-716a6b695428', '2025-07-10 23:00:28', '2025-07-10 23:00:28');
INSERT INTO `client_division` (`id`, `division_name`, `client_id`, `is_active`, `created_on`, `modified_on`, `tenant_id`) VALUES ('21e972a2-d0a2-46dc-b5df-d32013bdfbbf', 'Platform Engineering', 'a7f12653-40c8-44ba-a180-a0958a4ba101', 1, '2025-07-10 23:00:28', '2025-07-10 23:00:28', 'df234305-8a47-4b4d-8efb-716a6b695428');
INSERT INTO `client` (`id`, `client_code`, `client_name`, `email`, `is_active`, `created_on`, `modified_on`, `tenant_id`) VALUES ('2684d743-e146-4145-96b0-0fdb50b581fd', 1019, 'Edwards LLC', 'info@edwardsllc.com', 1, '2025-07-10 23:00:28', '2025-07-10 23:00:28', 'df234305-8a47-4b4d-8efb-716a6b695428');
INSERT INTO `department` (`uuid`, `department`, `client_id`, `tenant_id`, `created_on`, `modified_on`) VALUES ('c27b5740-7837-40cb-80f1-ed7b76a074a3', 'Civil Systems', '2684d743-e146-4145-96b0-0fdb50b581fd', 'df234305-8a47-4b4d-8efb-716a6b695428', '2025-07-10 23:00:28', '2025-07-10 23:00:28');
INSERT INTO `client_division` (`id`, `division_name`, `client_id`, `is_active`, `created_on`, `modified_on`, `tenant_id`) VALUES ('ffe0da11-a308-4dc0-91dc-cffb3b1b4da3', 'Tech Enablement', '2684d743-e146-4145-96b0-0fdb50b581fd', 1, '2025-07-10 23:00:28', '2025-07-10 23:00:28', 'df234305-8a47-4b4d-8efb-716a6b695428');
INSERT INTO `client` (`id`, `client_code`, `client_name`, `email`, `is_active`, `created_on`, `modified_on`, `tenant_id`) VALUES ('aa00d9c3-e9ae-43b9-a0b1-d22e39ce6ca5', 1021, 'Dyer Group', 'info@dyergroup.com', 1, '2025-07-10 23:00:28', '2025-07-10 23:00:28', 'df234305-8a47-4b4d-8efb-716a6b695428');
INSERT INTO `department` (`uuid`, `department`, `client_id`, `tenant_id`, `created_on`, `modified_on`) VALUES ('7044fb0b-b238-48ab-a8b2-661304907f8d', 'Control Systems', 'aa00d9c3-e9ae-43b9-a0b1-d22e39ce6ca5', 'df234305-8a47-4b4d-8efb-716a6b695428', '2025-07-10 23:00:28', '2025-07-10 23:00:28');
INSERT INTO `client_division` (`id`, `division_name`, `client_id`, `is_active`, `created_on`, `modified_on`, `tenant_id`) VALUES ('e8925a28-b06e-46fb-b9f7-2c049f04bafe', 'Engineering', 'aa00d9c3-e9ae-43b9-a0b1-d22e39ce6ca5', 1, '2025-07-10 23:00:28', '2025-07-10 23:00:28', 'df234305-8a47-4b4d-8efb-716a6b695428');
INSERT INTO `client` (`id`, `client_code`, `client_name`, `email`, `is_active`, `created_on`, `modified_on`, `tenant_id`) VALUES ('186fd79b-fef3-4eca-b86b-3a173ade43cc', 1023, 'Jarvis, Stewart and Hoffman', 'info@jarvisstewartandhoffman.com', 1, '2025-07-10 23:00:28', '2025-07-10 23:00:28', 'df234305-8a47-4b4d-8efb-716a6b695428');
INSERT INTO `department` (`uuid`, `department`, `client_id`, `tenant_id`, `created_on`, `modified_on`) VALUES ('dfc650a7-4272-47ff-98dc-79eadeb611c4', 'Data Science', '186fd79b-fef3-4eca-b86b-3a173ade43cc', 'df234305-8a47-4b4d-8efb-716a6b695428', '2025-07-10 23:00:28', '2025-07-10 23:00:28');
INSERT INTO `client_division` (`id`, `division_name`, `client_id`, `is_active`, `created_on`, `modified_on`, `tenant_id`) VALUES ('523ed92a-3f65-48df-8904-f60aaa831618', 'Platform Engineering', '186fd79b-fef3-4eca-b86b-3a173ade43cc', 1, '2025-07-10 23:00:28', '2025-07-10 23:00:28', 'df234305-8a47-4b4d-8efb-716a6b695428');
INSERT INTO `client_division` (`id`, `division_name`, `client_id`, `is_active`, `created_on`, `modified_on`, `tenant_id`) VALUES ('4bcfe365-27fa-4dd6-ba76-e989da7a7a9f', 'Engineering', '186fd79b-fef3-4eca-b86b-3a173ade43cc', 1, '2025-07-10 23:00:28', '2025-07-10 23:00:28', 'df234305-8a47-4b4d-8efb-716a6b695428');
INSERT INTO `client_division` (`id`, `division_name`, `client_id`, `is_active`, `created_on`, `modified_on`, `tenant_id`) VALUES ('7dcdf683-aba4-449a-8862-cf4f5c46f640', 'Electric Vehicle Tech', '186fd79b-fef3-4eca-b86b-3a173ade43cc', 1, '2025-07-10 23:00:28', '2025-07-10 23:00:28', 'df234305-8a47-4b4d-8efb-716a6b695428');
INSERT INTO `client` (`id`, `client_code`, `client_name`, `email`, `is_active`, `created_on`, `modified_on`, `tenant_id`) VALUES ('29e7e202-861d-4442-88cd-4a18d887aafa', 1025, 'Brown-Shaffer', 'info@brownshaffer.com', 1, '2025-07-10 23:00:28', '2025-07-10 23:00:28', 'df234305-8a47-4b4d-8efb-716a6b695428');
INSERT INTO `department` (`uuid`, `department`, `client_id`, `tenant_id`, `created_on`, `modified_on`) VALUES ('61ab0583-37b4-4675-9ca5-931e74a6e25f', 'Data Science', '29e7e202-861d-4442-88cd-4a18d887aafa', 'df234305-8a47-4b4d-8efb-716a6b695428', '2025-07-10 23:00:28', '2025-07-10 23:00:28');
INSERT INTO `client_division` (`id`, `division_name`, `client_id`, `is_active`, `created_on`, `modified_on`, `tenant_id`) VALUES ('6cde39fa-462c-46b1-aa56-f13c1e3b88dd', 'Blockchain Integration', '29e7e202-861d-4442-88cd-4a18d887aafa', 1, '2025-07-10 23:00:28', '2025-07-10 23:00:28', 'df234305-8a47-4b4d-8efb-716a6b695428');
INSERT INTO `client` (`id`, `client_code`, `client_name`, `email`, `is_active`, `created_on`, `modified_on`, `tenant_id`) VALUES ('c0025c65-4f8f-4ac8-a717-2be091a6f460', 1027, 'Graves, Shaw and Jones', 'info@gravesshawandjones.com', 1, '2025-07-10 23:00:28', '2025-07-10 23:00:28', 'df234305-8a47-4b4d-8efb-716a6b695428');
INSERT INTO `department` (`uuid`, `department`, `client_id`, `tenant_id`, `created_on`, `modified_on`) VALUES ('9005911a-e8b0-4211-b1f3-8c779a8a6cb3', 'Fintech Innovation', 'c0025c65-4f8f-4ac8-a717-2be091a6f460', 'df234305-8a47-4b4d-8efb-716a6b695428', '2025-07-10 23:00:28', '2025-07-10 23:00:28');
INSERT INTO `client_division` (`id`, `division_name`, `client_id`, `is_active`, `created_on`, `modified_on`, `tenant_id`) VALUES ('efc3a443-e632-43df-a1a4-10a0587c32b1', 'Sustainability', 'c0025c65-4f8f-4ac8-a717-2be091a6f460', 1, '2025-07-10 23:00:28', '2025-07-10 23:00:28', 'df234305-8a47-4b4d-8efb-716a6b695428');
INSERT INTO `client` (`id`, `client_code`, `client_name`, `email`, `is_active`, `created_on`, `modified_on`, `tenant_id`) VALUES ('491e6ecf-76ed-43fa-8b6b-4251bfa2fcd8', 1029, 'Daniels-Clark', 'info@danielsclark.com', 1, '2025-07-10 23:00:28', '2025-07-10 23:00:28', 'df234305-8a47-4b4d-8efb-716a6b695428');
INSERT INTO `department` (`uuid`, `department`, `client_id`, `tenant_id`, `created_on`, `modified_on`) VALUES ('802bc094-b000-46ea-8713-edb33e8f52b6', 'APAC Regulatory', '491e6ecf-76ed-43fa-8b6b-4251bfa2fcd8', 'df234305-8a47-4b4d-8efb-716a6b695428', '2025-07-10 23:00:28', '2025-07-10 23:00:28');
INSERT INTO `client_division` (`id`, `division_name`, `client_id`, `is_active`, `created_on`, `modified_on`, `tenant_id`) VALUES ('0f26dfe8-f896-4dad-abb7-7369ce7f49fd', 'Clinical Research', '491e6ecf-76ed-43fa-8b6b-4251bfa2fcd8', 1, '2025-07-10 23:00:28', '2025-07-10 23:00:28', 'df234305-8a47-4b4d-8efb-716a6b695428');
INSERT INTO `client` (`id`, `client_code`, `client_name`, `email`, `is_active`, `created_on`, `modified_on`, `tenant_id`) VALUES ('30e9c59c-5407-4e11-8c34-c19ee95446ba', 1031, 'Benson-Bartlett', 'info@bensonbartlett.com', 1, '2025-07-10 23:00:28', '2025-07-10 23:00:28', 'df234305-8a47-4b4d-8efb-716a6b695428');
INSERT INTO `department` (`uuid`, `department`, `client_id`, `tenant_id`, `created_on`, `modified_on`) VALUES ('be7be1ba-44da-41e5-bb13-3d317be24260', 'AI Solutions', '30e9c59c-5407-4e11-8c34-c19ee95446ba', 'df234305-8a47-4b4d-8efb-716a6b695428', '2025-07-10 23:00:28', '2025-07-10 23:00:28');
INSERT INTO `client_division` (`id`, `division_name`, `client_id`, `is_active`, `created_on`, `modified_on`, `tenant_id`) VALUES ('15a388cd-a914-4066-bcdc-9c9cd6277c9b', 'US Patent Unit', '30e9c59c-5407-4e11-8c34-c19ee95446ba', 1, '2025-07-10 23:00:28', '2025-07-10 23:00:28', 'df234305-8a47-4b4d-8efb-716a6b695428');
INSERT INTO `client` (`id`, `client_code`, `client_name`, `email`, `is_active`, `created_on`, `modified_on`, `tenant_id`) VALUES ('afab5b91-8d56-47f6-89e5-6aa6656299cf', 1033, 'Perez, Wagner and Hughes', 'info@perezwagnerandhughes.com', 1, '2025-07-10 23:00:28', '2025-07-10 23:00:28', 'df234305-8a47-4b4d-8efb-716a6b695428');
INSERT INTO `department` (`uuid`, `department`, `client_id`, `tenant_id`, `created_on`, `modified_on`) VALUES ('d405072b-02a1-40de-8b80-75d7f6af64c5', 'Software Architecture', 'afab5b91-8d56-47f6-89e5-6aa6656299cf', 'df234305-8a47-4b4d-8efb-716a6b695428', '2025-07-10 23:00:28', '2025-07-10 23:00:28');
INSERT INTO `client_division` (`id`, `division_name`, `client_id`, `is_active`, `created_on`, `modified_on`, `tenant_id`) VALUES ('be2da419-8454-43c9-88e3-b43bda00d55e', 'Digital Transformation', 'afab5b91-8d56-47f6-89e5-6aa6656299cf', 1, '2025-07-10 23:00:28', '2025-07-10 23:00:28', 'df234305-8a47-4b4d-8efb-716a6b695428');
INSERT INTO `client` (`id`, `client_code`, `client_name`, `email`, `is_active`, `created_on`, `modified_on`, `tenant_id`) VALUES ('e9d23d6d-9e95-48a3-bf6d-21746be0d8a5', 1035, 'Obrien-Stone', 'info@obrienstone.com', 1, '2025-07-10 23:00:28', '2025-07-10 23:00:28', 'df234305-8a47-4b4d-8efb-716a6b695428');
INSERT INTO `department` (`uuid`, `department`, `client_id`, `tenant_id`, `created_on`, `modified_on`) VALUES ('ba4536ae-7072-4a38-bc8a-42617d6f91bf', 'Robotics', 'e9d23d6d-9e95-48a3-bf6d-21746be0d8a5', 'df234305-8a47-4b4d-8efb-716a6b695428', '2025-07-10 23:00:28', '2025-07-10 23:00:28');
INSERT INTO `client_division` (`id`, `division_name`, `client_id`, `is_active`, `created_on`, `modified_on`, `tenant_id`) VALUES ('ff3dfae6-88d2-48c0-a212-28d8f6275a2d', 'Core Tech', 'e9d23d6d-9e95-48a3-bf6d-21746be0d8a5', 1, '2025-07-10 23:00:28', '2025-07-10 23:00:28', 'df234305-8a47-4b4d-8efb-716a6b695428');
INSERT INTO `client_division` (`id`, `division_name`, `client_id`, `is_active`, `created_on`, `modified_on`, `tenant_id`) VALUES ('18b9d8a6-3af2-4f84-b212-868a38db55a7', 'Product Dev', 'e9d23d6d-9e95-48a3-bf6d-21746be0d8a5', 1, '2025-07-10 23:00:28', '2025-07-10 23:00:28', 'df234305-8a47-4b4d-8efb-716a6b695428');
INSERT INTO `client` (`id`, `client_code`, `client_name`, `email`, `is_active`, `created_on`, `modified_on`, `tenant_id`) VALUES ('4d14d3e7-2bec-4847-9020-12203436f745', 1037, 'Cruz Ltd', 'info@cruzltd.com', 1, '2025-07-10 23:00:28', '2025-07-10 23:00:28', 'df234305-8a47-4b4d-8efb-716a6b695428');
INSERT INTO `department` (`uuid`, `department`, `client_id`, `tenant_id`, `created_on`, `modified_on`) VALUES ('ca2bec6e-3a60-4e7f-8a9c-eb974508b757', 'Civil Systems', '4d14d3e7-2bec-4847-9020-12203436f745', 'df234305-8a47-4b4d-8efb-716a6b695428', '2025-07-10 23:00:28', '2025-07-10 23:00:28');
INSERT INTO `client_division` (`id`, `division_name`, `client_id`, `is_active`, `created_on`, `modified_on`, `tenant_id`) VALUES ('32dacc7e-d752-40ab-b360-932d2c256a3e', 'US Patent Unit', '4d14d3e7-2bec-4847-9020-12203436f745', 1, '2025-07-10 23:00:28', '2025-07-10 23:00:28', 'df234305-8a47-4b4d-8efb-716a6b695428');
INSERT INTO `client` (`id`, `client_code`, `client_name`, `email`, `is_active`, `created_on`, `modified_on`, `tenant_id`) VALUES ('2f262fac-0fbb-4821-beb3-680285a88203', 1039, 'Owens-Dunn', 'info@owensdunn.com', 1, '2025-07-10 23:00:28', '2025-07-10 23:00:28', 'df234305-8a47-4b4d-8efb-716a6b695428');
INSERT INTO `department` (`uuid`, `department`, `client_id`, `tenant_id`, `created_on`, `modified_on`) VALUES ('bf50e6da-fdbd-42d9-97bb-7f3829e2cc44', 'Green Energy', '2f262fac-0fbb-4821-beb3-680285a88203', 'df234305-8a47-4b4d-8efb-716a6b695428', '2025-07-10 23:00:28', '2025-07-10 23:00:28');
INSERT INTO `client_division` (`id`, `division_name`, `client_id`, `is_active`, `created_on`, `modified_on`, `tenant_id`) VALUES ('51faad95-68e8-4481-9cff-d04acc95637c', 'ASEAN R&D', '2f262fac-0fbb-4821-beb3-680285a88203', 1, '2025-07-10 23:00:28', '2025-07-10 23:00:28', 'df234305-8a47-4b4d-8efb-716a6b695428');
INSERT INTO `client` (`id`, `client_code`, `client_name`, `email`, `is_active`, `created_on`, `modified_on`, `tenant_id`) VALUES ('35b5f32b-f33e-40ff-8130-be22a80e6f79', 1041, 'Johnson-Cruz', 'info@johnsoncruz.com', 1, '2025-07-10 23:00:28', '2025-07-10 23:00:28', 'df234305-8a47-4b4d-8efb-716a6b695428');
INSERT INTO `department` (`uuid`, `department`, `client_id`, `tenant_id`, `created_on`, `modified_on`) VALUES ('ce6c3053-a4a5-4ea4-9b35-defc2dbea02c', 'Aerospace', '35b5f32b-f33e-40ff-8130-be22a80e6f79', 'df234305-8a47-4b4d-8efb-716a6b695428', '2025-07-10 23:00:28', '2025-07-10 23:00:28');
INSERT INTO `client_division` (`id`, `division_name`, `client_id`, `is_active`, `created_on`, `modified_on`, `tenant_id`) VALUES ('fa00e15d-1272-4d8d-b768-719d07667b2e', 'ASEAN R&D', '35b5f32b-f33e-40ff-8130-be22a80e6f79', 1, '2025-07-10 23:00:28', '2025-07-10 23:00:28', 'df234305-8a47-4b4d-8efb-716a6b695428');
INSERT INTO `client_division` (`id`, `division_name`, `client_id`, `is_active`, `created_on`, `modified_on`, `tenant_id`) VALUES ('0ebe052f-92cf-4cd0-88fe-ccb6edad54ba', 'Smart Devices', '35b5f32b-f33e-40ff-8130-be22a80e6f79', 1, '2025-07-10 23:00:28', '2025-07-10 23:00:28', 'df234305-8a47-4b4d-8efb-716a6b695428');
INSERT INTO `client_division` (`id`, `division_name`, `client_id`, `is_active`, `created_on`, `modified_on`, `tenant_id`) VALUES ('41881a9b-5ca9-4813-8ceb-b018b0940a05', 'Cloud Infrastructure', '35b5f32b-f33e-40ff-8130-be22a80e6f79', 1, '2025-07-10 23:00:28', '2025-07-10 23:00:28', 'df234305-8a47-4b4d-8efb-716a6b695428');
INSERT INTO `client` (`id`, `client_code`, `client_name`, `email`, `is_active`, `created_on`, `modified_on`, `tenant_id`) VALUES ('de2b741c-7b3d-4aad-be8f-d8e6d865fd45', 1043, 'Parsons, Fowler and Edwards', 'info@parsonsfowlerandedwards.com', 1, '2025-07-10 23:00:28', '2025-07-10 23:00:28', 'df234305-8a47-4b4d-8efb-716a6b695428');
INSERT INTO `department` (`uuid`, `department`, `client_id`, `tenant_id`, `created_on`, `modified_on`) VALUES ('5e79b92a-2fdc-4b0c-974d-c1346c21d726', 'Carbon Management', 'de2b741c-7b3d-4aad-be8f-d8e6d865fd45', 'df234305-8a47-4b4d-8efb-716a6b695428', '2025-07-10 23:00:28', '2025-07-10 23:00:28');
INSERT INTO `client_division` (`id`, `division_name`, `client_id`, `is_active`, `created_on`, `modified_on`, `tenant_id`) VALUES ('436de187-8b05-4f47-9354-1fbf31f084e6', 'Tech Enablement', 'de2b741c-7b3d-4aad-be8f-d8e6d865fd45', 1, '2025-07-10 23:00:28', '2025-07-10 23:00:28', 'df234305-8a47-4b4d-8efb-716a6b695428');
INSERT INTO `client` (`id`, `client_code`, `client_name`, `email`, `is_active`, `created_on`, `modified_on`, `tenant_id`) VALUES ('db0de584-7a8c-4f20-937e-6778fa01b67f', 1045, 'Kane, West and Hamilton', 'info@kanewestandhamilton.com', 1, '2025-07-10 23:00:28', '2025-07-10 23:00:28', 'df234305-8a47-4b4d-8efb-716a6b695428');
INSERT INTO `department` (`uuid`, `department`, `client_id`, `tenant_id`, `created_on`, `modified_on`) VALUES ('326d3b5a-579e-4f27-95e7-4566c9f18d99', 'Robotics', 'db0de584-7a8c-4f20-937e-6778fa01b67f', 'df234305-8a47-4b4d-8efb-716a6b695428', '2025-07-10 23:00:28', '2025-07-10 23:00:28');
INSERT INTO `client_division` (`id`, `division_name`, `client_id`, `is_active`, `created_on`, `modified_on`, `tenant_id`) VALUES ('e0da5520-2b42-4aaf-8a2b-357e8438c431', 'Product Dev', 'db0de584-7a8c-4f20-937e-6778fa01b67f', 1, '2025-07-10 23:00:28', '2025-07-10 23:00:28', 'df234305-8a47-4b4d-8efb-716a6b695428');
INSERT INTO `client_division` (`id`, `division_name`, `client_id`, `is_active`, `created_on`, `modified_on`, `tenant_id`) VALUES ('6da12a73-0c67-4925-b682-b60c944c7a6a', 'Customer Experience', 'db0de584-7a8c-4f20-937e-6778fa01b67f', 1, '2025-07-10 23:00:28', '2025-07-10 23:00:28', 'df234305-8a47-4b4d-8efb-716a6b695428');
INSERT INTO `client` (`id`, `client_code`, `client_name`, `email`, `is_active`, `created_on`, `modified_on`, `tenant_id`) VALUES ('354319b0-6ea8-4d96-9ab2-cec0e79800d9', 1047, 'Pena and Sons', 'info@penaandsons.com', 1, '2025-07-10 23:00:28', '2025-07-10 23:00:28', 'df234305-8a47-4b4d-8efb-716a6b695428');
INSERT INTO `department` (`uuid`, `department`, `client_id`, `tenant_id`, `created_on`, `modified_on`) VALUES ('a980a09e-439e-4e74-ac0e-4bf6913b55e8', 'Aerospace', '354319b0-6ea8-4d96-9ab2-cec0e79800d9', 'df234305-8a47-4b4d-8efb-716a6b695428', '2025-07-10 23:00:28', '2025-07-10 23:00:28');
INSERT INTO `client_division` (`id`, `division_name`, `client_id`, `is_active`, `created_on`, `modified_on`, `tenant_id`) VALUES ('aa0be908-fe28-4e06-b266-4c7857f0e448', 'Product Dev', '354319b0-6ea8-4d96-9ab2-cec0e79800d9', 1, '2025-07-10 23:00:28', '2025-07-10 23:00:28', 'df234305-8a47-4b4d-8efb-716a6b695428');
INSERT INTO `client` (`id`, `client_code`, `client_name`, `email`, `is_active`, `created_on`, `modified_on`, `tenant_id`) VALUES ('cfb4e7c6-c929-4220-b664-27ef579979eb', 1049, 'Jackson-Ward', 'info@jacksonward.com', 1, '2025-07-10 23:00:28', '2025-07-10 23:00:28', 'df234305-8a47-4b4d-8efb-716a6b695428');
INSERT INTO `department` (`uuid`, `department`, `client_id`, `tenant_id`, `created_on`, `modified_on`) VALUES ('03bd3e4b-b916-4c25-b98d-09a904e04303', 'Control Systems', 'cfb4e7c6-c929-4220-b664-27ef579979eb', 'df234305-8a47-4b4d-8efb-716a6b695428', '2025-07-10 23:00:28', '2025-07-10 23:00:28');
INSERT INTO `client_division` (`id`, `division_name`, `client_id`, `is_active`, `created_on`, `modified_on`, `tenant_id`) VALUES ('0f7347a0-5be9-4e81-bf6f-6f815c635ecd', 'Electric Vehicle Tech', 'cfb4e7c6-c929-4220-b664-27ef579979eb', 1, '2025-07-10 23:00:28', '2025-07-10 23:00:28', 'df234305-8a47-4b4d-8efb-716a6b695428');
INSERT INTO `client` (`id`, `client_code`, `client_name`, `email`, `is_active`, `created_on`, `modified_on`, `tenant_id`) VALUES ('8b16c75c-fc5c-41ff-9837-8961ce9a6c8f', 1051, 'Dean, Shepherd and Dillon', 'info@deanshepherdanddillon.com', 1, '2025-07-10 23:00:28', '2025-07-10 23:00:28', 'df234305-8a47-4b4d-8efb-716a6b695428');
INSERT INTO `department` (`uuid`, `department`, `client_id`, `tenant_id`, `created_on`, `modified_on`) VALUES ('bb4801ca-a3d8-47d8-baa2-5e065bd292a4', 'Quantum Computing', '8b16c75c-fc5c-41ff-9837-8961ce9a6c8f', 'df234305-8a47-4b4d-8efb-716a6b695428', '2025-07-10 23:00:28', '2025-07-10 23:00:28');
INSERT INTO `client_division` (`id`, `division_name`, `client_id`, `is_active`, `created_on`, `modified_on`, `tenant_id`) VALUES ('9dc5d79c-f6b5-4de4-8836-e54c35d4c5eb', 'Core Tech', '8b16c75c-fc5c-41ff-9837-8961ce9a6c8f', 1, '2025-07-10 23:00:28', '2025-07-10 23:00:28', 'df234305-8a47-4b4d-8efb-716a6b695428');
INSERT INTO `client` (`id`, `client_code`, `client_name`, `email`, `is_active`, `created_on`, `modified_on`, `tenant_id`) VALUES ('d6e381ae-4148-492f-8910-bbd21bb621a9', 1053, 'Nichols and Sons', 'info@nicholsandsons.com', 1, '2025-07-10 23:00:28', '2025-07-10 23:00:28', 'df234305-8a47-4b4d-8efb-716a6b695428');
INSERT INTO `department` (`uuid`, `department`, `client_id`, `tenant_id`, `created_on`, `modified_on`) VALUES ('306265ba-309f-4873-bde6-c1f9e9e0b8e0', 'Fintech Innovation', 'd6e381ae-4148-492f-8910-bbd21bb621a9', 'df234305-8a47-4b4d-8efb-716a6b695428', '2025-07-10 23:00:28', '2025-07-10 23:00:28');
INSERT INTO `client_division` (`id`, `division_name`, `client_id`, `is_active`, `created_on`, `modified_on`, `tenant_id`) VALUES ('e6939695-9e74-42db-bc58-67f99ad44e32', 'Digital Transformation', 'd6e381ae-4148-492f-8910-bbd21bb621a9', 1, '2025-07-10 23:00:28', '2025-07-10 23:00:28', 'df234305-8a47-4b4d-8efb-716a6b695428');
INSERT INTO `client_division` (`id`, `division_name`, `client_id`, `is_active`, `created_on`, `modified_on`, `tenant_id`) VALUES ('73caaa2b-3b96-4766-979e-99a89a5dcdd8', 'IP Strategy', 'd6e381ae-4148-492f-8910-bbd21bb621a9', 1, '2025-07-10 23:00:28', '2025-07-10 23:00:28', 'df234305-8a47-4b4d-8efb-716a6b695428');
INSERT INTO `client` (`id`, `client_code`, `client_name`, `email`, `is_active`, `created_on`, `modified_on`, `tenant_id`) VALUES ('b1a71351-b801-4361-ad04-db4c9ee5245f', 1055, 'Higgins Group', 'info@higginsgroup.com', 1, '2025-07-10 23:00:28', '2025-07-10 23:00:28', 'df234305-8a47-4b4d-8efb-716a6b695428');
INSERT INTO `department` (`uuid`, `department`, `client_id`, `tenant_id`, `created_on`, `modified_on`) VALUES ('3280783f-3efa-418d-9de4-ab68a9b2e4c3', 'UK AI Center', 'b1a71351-b801-4361-ad04-db4c9ee5245f', 'df234305-8a47-4b4d-8efb-716a6b695428', '2025-07-10 23:00:28', '2025-07-10 23:00:28');
INSERT INTO `client_division` (`id`, `division_name`, `client_id`, `is_active`, `created_on`, `modified_on`, `tenant_id`) VALUES ('678773bb-0d07-4f66-b6b9-a692b7e1be28', 'Digital Transformation', 'b1a71351-b801-4361-ad04-db4c9ee5245f', 1, '2025-07-10 23:00:28', '2025-07-10 23:00:28', 'df234305-8a47-4b4d-8efb-716a6b695428');