-- Generated SQL inserts for INVD database

INSERT INTO `user` (`full_name`, `uuid`, `first_name`, `last_name`, `tenant_id`, `email`, `deleted`, `inactive`) VALUES ('Admin Tekip', 'bf255bcc-e2db-4d47-8e3e-5b8b7b4f105d', 'Admin', 'Tekip', 'df234305-8a47-4b4d-8efb-716a6b695428', 'admin.tekip@example.com', 0, 0);
INSERT INTO `user` (`full_name`, `uuid`, `first_name`, `last_name`, `tenant_id`, `email`, `deleted`, `inactive`) VALUES ('Jennifer Flores', '5a089f90-4620-4bcd-abea-efbd68314c6b', 'Jennifer', 'Flores', 'df234305-8a47-4b4d-8efb-716a6b695428', 'jennifer.flores@example.com', 0, 0);
INSERT INTO `user` (`full_name`, `uuid`, `first_name`, `last_name`, `tenant_id`, `email`, `deleted`, `inactive`) VALUES ('Edward Stokes', '336f7a90-fc11-41db-86d1-1eda5976a91f', 'Edward', 'Stokes', 'df234305-8a47-4b4d-8efb-716a6b695428', 'edward.stokes@example.com', 0, 0);
INSERT INTO `user` (`full_name`, `uuid`, `first_name`, `last_name`, `tenant_id`, `email`, `deleted`, `inactive`) VALUES ('Stephanie Allen', 'ae56d0c8-c541-40d8-b68f-2fcc871e5674', 'Stephanie', 'Allen', 'df234305-8a47-4b4d-8efb-716a6b695428', 'stephanie.allen@example.com', 0, 0);
INSERT INTO `user` (`full_name`, `uuid`, `first_name`, `last_name`, `tenant_id`, `email`, `deleted`, `inactive`) VALUES ('Stephanie Powell', '90ba32e4-73a4-4d5d-ba16-de8b15734db3', 'Stephanie', 'Powell', 'df234305-8a47-4b4d-8efb-716a6b695428', 'stephanie.powell@example.com', 0, 0);
INSERT INTO `user` (`full_name`, `uuid`, `first_name`, `last_name`, `tenant_id`, `email`, `deleted`, `inactive`) VALUES ('Timothy Rodriguez', '403f9077-afee-4d4e-88b0-15a930d0211f', 'Timothy', 'Rodriguez', 'df234305-8a47-4b4d-8efb-716a6b695428', 'timothy.rodriguez@example.com', 0, 0);
INSERT INTO `user` (`full_name`, `uuid`, `first_name`, `last_name`, `tenant_id`, `email`, `deleted`, `inactive`) VALUES ('Stephanie Summers', 'c4609924-3ac4-48ba-abb0-0e9641156527', 'Stephanie', 'Summers', 'df234305-8a47-4b4d-8efb-716a6b695428', 'stephanie.summers@example.com', 0, 0);
INSERT INTO `user` (`full_name`, `uuid`, `first_name`, `last_name`, `tenant_id`, `email`, `deleted`, `inactive`) VALUES ('Christian Odom', '1271e4a8-b3c0-4fde-8bce-650929c69356', 'Christian', 'Odom', 'df234305-8a47-4b4d-8efb-716a6b695428', 'christian.odom@example.com', 0, 0);
INSERT INTO `user` (`full_name`, `uuid`, `first_name`, `last_name`, `tenant_id`, `email`, `deleted`, `inactive`) VALUES ('John Davis', 'aa4c6307-1bf3-4386-872f-428920f49961', 'John', 'Davis', 'df234305-8a47-4b4d-8efb-716a6b695428', 'john.davis@example.com', 0, 0);
INSERT INTO `user` (`full_name`, `uuid`, `first_name`, `last_name`, `tenant_id`, `email`, `deleted`, `inactive`) VALUES ('William Ellis', '5bcd84bf-22e0-4e55-b1a4-12635af4e042', 'William', 'Ellis', 'df234305-8a47-4b4d-8efb-716a6b695428', 'william.ellis@example.com', 0, 0);
INSERT INTO `user` (`full_name`, `uuid`, `first_name`, `last_name`, `tenant_id`, `email`, `deleted`, `inactive`) VALUES ('Sharon Berry', 'ceb6a72f-fe6c-4b01-a35d-46ff6f187198', 'Sharon', 'Berry', 'df234305-8a47-4b4d-8efb-716a6b695428', 'sharon.berry@example.com', 0, 0);
INSERT INTO `user` (`full_name`, `uuid`, `first_name`, `last_name`, `tenant_id`, `email`, `deleted`, `inactive`) VALUES ('Linda Hines', 'd1c74f3d-81af-4442-8bad-6577f0eb94de', 'Linda', 'Hines', 'df234305-8a47-4b4d-8efb-716a6b695428', 'linda.hines@example.com', 0, 0);
INSERT INTO `user` (`full_name`, `uuid`, `first_name`, `last_name`, `tenant_id`, `email`, `deleted`, `inactive`) VALUES ('Robert Castillo', 'f25d7dd4-0054-488f-90ca-9eb53121920e', 'Robert', 'Castillo', 'df234305-8a47-4b4d-8efb-716a6b695428', 'robert.castillo@example.com', 0, 0);
INSERT INTO `user` (`full_name`, `uuid`, `first_name`, `last_name`, `tenant_id`, `email`, `deleted`, `inactive`) VALUES ('Donna Herrera', '78922a80-147d-4a6c-afac-a5868c7f9652', 'Donna', 'Herrera', 'df234305-8a47-4b4d-8efb-716a6b695428', 'donna.herrera@example.com', 0, 0);
INSERT INTO `user` (`full_name`, `uuid`, `first_name`, `last_name`, `tenant_id`, `email`, `deleted`, `inactive`) VALUES ('Jessica Mosley', '4bf8b777-0489-4618-aeb0-f907f239f85f', 'Jessica', 'Mosley', 'df234305-8a47-4b4d-8efb-716a6b695428', 'jessica.mosley@example.com', 0, 0);
INSERT INTO `user` (`full_name`, `uuid`, `first_name`, `last_name`, `tenant_id`, `email`, `deleted`, `inactive`) VALUES ('Terry Smith', 'b35dc6bc-4841-4a27-8ff3-e9c18c48f9b6', 'Terry', 'Smith', 'df234305-8a47-4b4d-8efb-716a6b695428', 'terry.smith@example.com', 0, 0);
INSERT INTO `user` (`full_name`, `uuid`, `first_name`, `last_name`, `tenant_id`, `email`, `deleted`, `inactive`) VALUES ('Susan Hudson', '890772f0-b284-4c19-accd-7721a90490cd', 'Susan', 'Hudson', 'df234305-8a47-4b4d-8efb-716a6b695428', 'susan.hudson@example.com', 0, 0);
INSERT INTO `user` (`full_name`, `uuid`, `first_name`, `last_name`, `tenant_id`, `email`, `deleted`, `inactive`) VALUES ('Elizabeth Nixon', 'f377e642-4e44-4b5c-a9c4-b0481e04ae05', 'Elizabeth', 'Nixon', 'df234305-8a47-4b4d-8efb-716a6b695428', 'elizabeth.nixon@example.com', 0, 0);
INSERT INTO `user` (`full_name`, `uuid`, `first_name`, `last_name`, `tenant_id`, `email`, `deleted`, `inactive`) VALUES ('Jasmine Clark', '9b47a36a-1054-45d4-bed3-8f67f36b6f70', 'Jasmine', 'Clark', 'df234305-8a47-4b4d-8efb-716a6b695428', 'jasmine.clark@example.com', 0, 0);
INSERT INTO `user` (`full_name`, `uuid`, `first_name`, `last_name`, `tenant_id`, `email`, `deleted`, `inactive`) VALUES ('Isaac Kennedy', '10c25b2a-e1d1-4f65-a320-80ae175f4946', 'Isaac', 'Kennedy', 'df234305-8a47-4b4d-8efb-716a6b695428', 'isaac.kennedy@example.com', 0, 0);
INSERT INTO `user` (`full_name`, `uuid`, `first_name`, `last_name`, `tenant_id`, `email`, `deleted`, `inactive`) VALUES ('Brian Sanchez', '0a354945-8b6f-4c3c-aa98-fd1afefa65eb', 'Brian', 'Sanchez', 'df234305-8a47-4b4d-8efb-716a6b695428', 'brian.sanchez@example.com', 0, 0);
INSERT INTO `user` (`full_name`, `uuid`, `first_name`, `last_name`, `tenant_id`, `email`, `deleted`, `inactive`) VALUES ('Jack York', '7881ca3c-2be6-40d4-abed-2c62d9b6bb1a', 'Jack', 'York', 'df234305-8a47-4b4d-8efb-716a6b695428', 'jack.york@example.com', 0, 0);
INSERT INTO `user` (`full_name`, `uuid`, `first_name`, `last_name`, `tenant_id`, `email`, `deleted`, `inactive`) VALUES ('Monica Mack', 'e1e69c9e-0b9b-476d-aed6-7ff160e824c4', 'Monica', 'Mack', 'df234305-8a47-4b4d-8efb-716a6b695428', 'monica.mack@example.com', 0, 0);
INSERT INTO `user` (`full_name`, `uuid`, `first_name`, `last_name`, `tenant_id`, `email`, `deleted`, `inactive`) VALUES ('James Wilson', '69dcf3b7-1d99-4a09-8dde-dcf94d5c9618', 'James', 'Wilson', 'df234305-8a47-4b4d-8efb-716a6b695428', 'james.wilson@example.com', 0, 0);
INSERT INTO `user` (`full_name`, `uuid`, `first_name`, `last_name`, `tenant_id`, `email`, `deleted`, `inactive`) VALUES ('Amanda Ray', '192cf95d-874e-4ffa-84b8-661bbc55d1e9', 'Amanda', 'Ray', 'df234305-8a47-4b4d-8efb-716a6b695428', 'amanda.ray@example.com', 0, 0);
INSERT INTO `user` (`full_name`, `uuid`, `first_name`, `last_name`, `tenant_id`, `email`, `deleted`, `inactive`) VALUES ('Janice Jones', 'f7d8360b-05d0-42a6-969e-a53060b500f3', 'Janice', 'Jones', 'df234305-8a47-4b4d-8efb-716a6b695428', 'janice.jones@example.com', 0, 0);
INSERT INTO `user` (`full_name`, `uuid`, `first_name`, `last_name`, `tenant_id`, `email`, `deleted`, `inactive`) VALUES ('Jimmy Long', 'd8145372-8e07-4c21-ba75-e404ec9de79e', 'Jimmy', 'Long', 'df234305-8a47-4b4d-8efb-716a6b695428', 'jimmy.long@example.com', 0, 0);
INSERT INTO `user` (`full_name`, `uuid`, `first_name`, `last_name`, `tenant_id`, `email`, `deleted`, `inactive`) VALUES ('Jennifer Frazier', '57e8a4bd-43c2-4b31-81c4-bb7e01c42987', 'Jennifer', 'Frazier', 'df234305-8a47-4b4d-8efb-716a6b695428', 'jennifer.frazier@example.com', 0, 0);
INSERT INTO `user` (`full_name`, `uuid`, `first_name`, `last_name`, `tenant_id`, `email`, `deleted`, `inactive`) VALUES ('Jeremy Ortiz', '98da29cd-8354-490e-b02a-616bdf8357a5', 'Jeremy', 'Ortiz', 'df234305-8a47-4b4d-8efb-716a6b695428', 'jeremy.ortiz@example.com', 0, 0);
INSERT INTO `user` (`full_name`, `uuid`, `first_name`, `last_name`, `tenant_id`, `email`, `deleted`, `inactive`) VALUES ('Ashley Friedman', '92fe1aaa-a1d0-4d96-a916-83e3c1cf9025', 'Ashley', 'Friedman', 'df234305-8a47-4b4d-8efb-716a6b695428', 'ashley.friedman@example.com', 0, 0);
INSERT INTO `user` (`full_name`, `uuid`, `first_name`, `last_name`, `tenant_id`, `email`, `deleted`, `inactive`) VALUES ('Veronica Williams PhD', '74903d1f-d5a1-4ee8-b66f-795303232025', 'Veronica', 'Williams PhD', 'df234305-8a47-4b4d-8efb-716a6b695428', 'veronica.williamsphd@example.com', 0, 0);
INSERT INTO `user` (`full_name`, `uuid`, `first_name`, `last_name`, `tenant_id`, `email`, `deleted`, `inactive`) VALUES ('Shelly Leonard', '3f009053-f51a-4345-b40b-d1fad4250211', 'Shelly', 'Leonard', 'df234305-8a47-4b4d-8efb-716a6b695428', 'shelly.leonard@example.com', 0, 0);
INSERT INTO `user` (`full_name`, `uuid`, `first_name`, `last_name`, `tenant_id`, `email`, `deleted`, `inactive`) VALUES ('Angela Taylor', '4faf59e9-17bc-45e6-adf3-c0862a6fb645', 'Angela', 'Taylor', 'df234305-8a47-4b4d-8efb-716a6b695428', 'angela.taylor@example.com', 0, 0);
INSERT INTO `user` (`full_name`, `uuid`, `first_name`, `last_name`, `tenant_id`, `email`, `deleted`, `inactive`) VALUES ('Kathleen Rodriguez', '35ebc41e-8126-4c09-9dd8-45290817cc44', 'Kathleen', 'Rodriguez', 'df234305-8a47-4b4d-8efb-716a6b695428', 'kathleen.rodriguez@example.com', 0, 0);
INSERT INTO `user` (`full_name`, `uuid`, `first_name`, `last_name`, `tenant_id`, `email`, `deleted`, `inactive`) VALUES ('Amanda Hayes', '4203b664-7a84-4063-842e-8952274fcbbd', 'Amanda', 'Hayes', 'df234305-8a47-4b4d-8efb-716a6b695428', 'amanda.hayes@example.com', 0, 0);
INSERT INTO `user` (`full_name`, `uuid`, `first_name`, `last_name`, `tenant_id`, `email`, `deleted`, `inactive`) VALUES ('Donna Mcbride', '92328356-8602-43e4-91bb-a177f45b229b', 'Donna', 'Mcbride', 'df234305-8a47-4b4d-8efb-716a6b695428', 'donna.mcbride@example.com', 0, 0);
INSERT INTO `user` (`full_name`, `uuid`, `first_name`, `last_name`, `tenant_id`, `email`, `deleted`, `inactive`) VALUES ('Frank Cox', '637d77e4-0e5a-4873-ae39-89996047b5a8', 'Frank', 'Cox', 'df234305-8a47-4b4d-8efb-716a6b695428', 'frank.cox@example.com', 0, 0);
INSERT INTO `user` (`full_name`, `uuid`, `first_name`, `last_name`, `tenant_id`, `email`, `deleted`, `inactive`) VALUES ('Rebecca Carpenter', '5bb6d4f1-05c0-410a-bf70-2c7f1758f94a', 'Rebecca', 'Carpenter', 'df234305-8a47-4b4d-8efb-716a6b695428', 'rebecca.carpenter@example.com', 0, 0);
INSERT INTO `user` (`full_name`, `uuid`, `first_name`, `last_name`, `tenant_id`, `email`, `deleted`, `inactive`) VALUES ('Daniel Rollins', 'a646c566-aabc-449e-9ecd-9198072e8fa3', 'Daniel', 'Rollins', 'df234305-8a47-4b4d-8efb-716a6b695428', 'daniel.rollins@example.com', 0, 0);
INSERT INTO `user` (`full_name`, `uuid`, `first_name`, `last_name`, `tenant_id`, `email`, `deleted`, `inactive`) VALUES ('Jacqueline Reid', 'bb1b4601-5034-4b47-9faf-b05ac79402d1', 'Jacqueline', 'Reid', 'df234305-8a47-4b4d-8efb-716a6b695428', 'jacqueline.reid@example.com', 0, 0);
INSERT INTO `user` (`full_name`, `uuid`, `first_name`, `last_name`, `tenant_id`, `email`, `deleted`, `inactive`) VALUES ('Richard Norton', 'ee61c088-d035-40da-ae6f-e36068506fa8', 'Richard', 'Norton', 'df234305-8a47-4b4d-8efb-716a6b695428', 'richard.norton@example.com', 0, 0);
INSERT INTO `user` (`full_name`, `uuid`, `first_name`, `last_name`, `tenant_id`, `email`, `deleted`, `inactive`) VALUES ('Amanda Kidd PhD', 'c05b80ad-a863-4e12-9d33-4e619b90d64d', 'Amanda', 'Kidd PhD', 'df234305-8a47-4b4d-8efb-716a6b695428', 'amanda.kiddphd@example.com', 0, 0);
INSERT INTO `user` (`full_name`, `uuid`, `first_name`, `last_name`, `tenant_id`, `email`, `deleted`, `inactive`) VALUES ('Carolyn Silva', 'e3567cca-71c6-4048-b362-d4199d521e89', 'Carolyn', 'Silva', 'df234305-8a47-4b4d-8efb-716a6b695428', 'carolyn.silva@example.com', 0, 0);
INSERT INTO `user` (`full_name`, `uuid`, `first_name`, `last_name`, `tenant_id`, `email`, `deleted`, `inactive`) VALUES ('Brianna Brown', '7fc25de7-05d6-4e6f-9b89-0373d616069e', 'Brianna', 'Brown', 'df234305-8a47-4b4d-8efb-716a6b695428', 'brianna.brown@example.com', 0, 0);
INSERT INTO `user` (`full_name`, `uuid`, `first_name`, `last_name`, `tenant_id`, `email`, `deleted`, `inactive`) VALUES ('Melissa Guzman', '7d1fb982-7ff6-4b09-8f02-e447f11c54fc', 'Melissa', 'Guzman', 'df234305-8a47-4b4d-8efb-716a6b695428', 'melissa.guzman@example.com', 0, 0);
INSERT INTO `user` (`full_name`, `uuid`, `first_name`, `last_name`, `tenant_id`, `email`, `deleted`, `inactive`) VALUES ('Colin Waters', '73eb1545-9af2-49f8-88e0-92c937120f95', 'Colin', 'Waters', 'df234305-8a47-4b4d-8efb-716a6b695428', 'colin.waters@example.com', 0, 0);
INSERT INTO `user` (`full_name`, `uuid`, `first_name`, `last_name`, `tenant_id`, `email`, `deleted`, `inactive`) VALUES ('Richard Ellis', '7ef7c675-235c-47cf-87af-b78d186a32ad', 'Richard', 'Ellis', 'df234305-8a47-4b4d-8efb-716a6b695428', 'richard.ellis@example.com', 0, 0);
INSERT INTO `user` (`full_name`, `uuid`, `first_name`, `last_name`, `tenant_id`, `email`, `deleted`, `inactive`) VALUES ('Patty Collins', '2e17035c-58ab-4c3c-b332-9db1b2215564', 'Patty', 'Collins', 'df234305-8a47-4b4d-8efb-716a6b695428', 'patty.collins@example.com', 0, 0);
INSERT INTO `user` (`full_name`, `uuid`, `first_name`, `last_name`, `tenant_id`, `email`, `deleted`, `inactive`) VALUES ('Wayne Clark', 'ee5a92ce-1fec-4606-a35c-7fbbece23c9c', 'Wayne', 'Clark', 'df234305-8a47-4b4d-8efb-716a6b695428', 'wayne.clark@example.com', 0, 0);
INSERT INTO `user` (`full_name`, `uuid`, `first_name`, `last_name`, `tenant_id`, `email`, `deleted`, `inactive`) VALUES ('Nichole Williams', '16c3cfac-cda9-4f44-8a44-2d1e9f9a58c5', 'Nichole', 'Williams', 'df234305-8a47-4b4d-8efb-716a6b695428', 'nichole.williams@example.com', 0, 0);
INSERT INTO `user` (`full_name`, `uuid`, `first_name`, `last_name`, `tenant_id`, `email`, `deleted`, `inactive`) VALUES ('Deborah Christian', 'f06727f6-ec2f-485a-8177-50e1023597f6', 'Deborah', 'Christian', 'df234305-8a47-4b4d-8efb-716a6b695428', 'deborah.christian@example.com', 0, 0);
INSERT INTO `user` (`full_name`, `uuid`, `first_name`, `last_name`, `tenant_id`, `email`, `deleted`, `inactive`) VALUES ('Jason Perry', 'bf43cbd1-d4be-4c97-9500-ecd8e2a5a66e', 'Jason', 'Perry', 'df234305-8a47-4b4d-8efb-716a6b695428', 'jason.perry@example.com', 0, 0);
INSERT INTO `user` (`full_name`, `uuid`, `first_name`, `last_name`, `tenant_id`, `email`, `deleted`, `inactive`) VALUES ('Jennifer Brown', '16766877-16b1-4d44-9f33-eb213b75c82c', 'Jennifer', 'Brown', 'df234305-8a47-4b4d-8efb-716a6b695428', 'jennifer.brown@example.com', 0, 0);
INSERT INTO `user` (`full_name`, `uuid`, `first_name`, `last_name`, `tenant_id`, `email`, `deleted`, `inactive`) VALUES ('Michael Robles', 'a37a6142-6cdd-4d81-8901-471a748e2836', 'Michael', 'Robles', 'df234305-8a47-4b4d-8efb-716a6b695428', 'michael.robles@example.com', 0, 0);
INSERT INTO `user` (`full_name`, `uuid`, `first_name`, `last_name`, `tenant_id`, `email`, `deleted`, `inactive`) VALUES ('Shari Nelson', 'fa5edd07-da57-4716-9257-773847f0a2b1', 'Shari', 'Nelson', 'df234305-8a47-4b4d-8efb-716a6b695428', 'shari.nelson@example.com', 0, 0);
INSERT INTO `user` (`full_name`, `uuid`, `first_name`, `last_name`, `tenant_id`, `email`, `deleted`, `inactive`) VALUES ('Heidi Herring', '022aefb4-4015-407e-ad36-329fb22f298e', 'Heidi', 'Herring', 'df234305-8a47-4b4d-8efb-716a6b695428', 'heidi.herring@example.com', 0, 0);
INSERT INTO `user` (`full_name`, `uuid`, `first_name`, `last_name`, `tenant_id`, `email`, `deleted`, `inactive`) VALUES ('Jessica Richardson', '301741c2-c15c-4ccc-a6dc-4a37d1be4516', 'Jessica', 'Richardson', 'df234305-8a47-4b4d-8efb-716a6b695428', 'jessica.richardson@example.com', 0, 0);
INSERT INTO `user` (`full_name`, `uuid`, `first_name`, `last_name`, `tenant_id`, `email`, `deleted`, `inactive`) VALUES ('Richard Miller', '75c65858-5091-442d-8100-4ddfc5fd2ac1', 'Richard', 'Miller', 'df234305-8a47-4b4d-8efb-716a6b695428', 'richard.miller@example.com', 0, 0);
INSERT INTO `user` (`full_name`, `uuid`, `first_name`, `last_name`, `tenant_id`, `email`, `deleted`, `inactive`) VALUES ('Wendy Owen', '0b0cf26f-3d61-4fc0-8968-f7fedf407b25', 'Wendy', 'Owen', 'df234305-8a47-4b4d-8efb-716a6b695428', 'wendy.owen@example.com', 0, 0);
INSERT INTO `user` (`full_name`, `uuid`, `first_name`, `last_name`, `tenant_id`, `email`, `deleted`, `inactive`) VALUES ('Diana Harding', 'b8e14dfc-ddc0-4977-96e5-e989b152b216', 'Diana', 'Harding', 'df234305-8a47-4b4d-8efb-716a6b695428', 'diana.harding@example.com', 0, 0);
INSERT INTO `user` (`full_name`, `uuid`, `first_name`, `last_name`, `tenant_id`, `email`, `deleted`, `inactive`) VALUES ('Jeremy Bell', '74280aa6-9936-439c-9e61-4ee622396903', 'Jeremy', 'Bell', 'df234305-8a47-4b4d-8efb-716a6b695428', 'jeremy.bell@example.com', 0, 0);
INSERT INTO `user` (`full_name`, `uuid`, `first_name`, `last_name`, `tenant_id`, `email`, `deleted`, `inactive`) VALUES ('Emily Pearson', 'b7749089-39ce-4df1-9bf6-ed1ad21f2184', 'Emily', 'Pearson', 'df234305-8a47-4b4d-8efb-716a6b695428', 'emily.pearson@example.com', 0, 0);
INSERT INTO `user` (`full_name`, `uuid`, `first_name`, `last_name`, `tenant_id`, `email`, `deleted`, `inactive`) VALUES ('Robert Gay', '0b34b924-3a93-4d20-a60e-0edbfac49588', 'Robert', 'Gay', 'df234305-8a47-4b4d-8efb-716a6b695428', 'robert.gay@example.com', 0, 0);
INSERT INTO `user` (`full_name`, `uuid`, `first_name`, `last_name`, `tenant_id`, `email`, `deleted`, `inactive`) VALUES ('Brenda Smith', '4a623dff-9662-4314-9746-8a97f7d1ccba', 'Brenda', 'Smith', 'df234305-8a47-4b4d-8efb-716a6b695428', 'brenda.smith@example.com', 0, 0);
INSERT INTO `user` (`full_name`, `uuid`, `first_name`, `last_name`, `tenant_id`, `email`, `deleted`, `inactive`) VALUES ('Julie Gibson', '5250329c-80b2-4277-843b-327c653c0c05', 'Julie', 'Gibson', 'df234305-8a47-4b4d-8efb-716a6b695428', 'julie.gibson@example.com', 0, 0);
INSERT INTO `user` (`full_name`, `uuid`, `first_name`, `last_name`, `tenant_id`, `email`, `deleted`, `inactive`) VALUES ('Michele Sanchez', '9a304f92-c9bd-4528-b023-c565416da4ff', 'Michele', 'Sanchez', 'df234305-8a47-4b4d-8efb-716a6b695428', 'michele.sanchez@example.com', 0, 0);
INSERT INTO `user` (`full_name`, `uuid`, `first_name`, `last_name`, `tenant_id`, `email`, `deleted`, `inactive`) VALUES ('Katherine Brown', '5732bec1-357c-4446-bce5-b9dfd9c0dae0', 'Katherine', 'Brown', 'df234305-8a47-4b4d-8efb-716a6b695428', 'katherine.brown@example.com', 0, 0);
INSERT INTO `user` (`full_name`, `uuid`, `first_name`, `last_name`, `tenant_id`, `email`, `deleted`, `inactive`) VALUES ('Connor Griffith', '20b7f052-d8b4-40be-9d8c-ca95f2c28d37', 'Connor', 'Griffith', 'df234305-8a47-4b4d-8efb-716a6b695428', 'connor.griffith@example.com', 0, 0);
INSERT INTO `user` (`full_name`, `uuid`, `first_name`, `last_name`, `tenant_id`, `email`, `deleted`, `inactive`) VALUES ('April Cisneros', '32f64266-4bb9-4bf3-b879-d237154cab2b', 'April', 'Cisneros', 'df234305-8a47-4b4d-8efb-716a6b695428', 'april.cisneros@example.com', 0, 0);
INSERT INTO `user` (`full_name`, `uuid`, `first_name`, `last_name`, `tenant_id`, `email`, `deleted`, `inactive`) VALUES ('Mr. Sean Wallace', '5ae79865-fb2f-4fbe-bfb4-643132d455d9', 'Mr.', 'Sean Wallace', 'df234305-8a47-4b4d-8efb-716a6b695428', 'mr..seanwallace@example.com', 0, 0);
INSERT INTO `user` (`full_name`, `uuid`, `first_name`, `last_name`, `tenant_id`, `email`, `deleted`, `inactive`) VALUES ('Megan Shaffer', '58782a84-c590-49f2-8f4f-8aa0c7cfdf5b', 'Megan', 'Shaffer', 'df234305-8a47-4b4d-8efb-716a6b695428', 'megan.shaffer@example.com', 0, 0);
INSERT INTO `user` (`full_name`, `uuid`, `first_name`, `last_name`, `tenant_id`, `email`, `deleted`, `inactive`) VALUES ('Kenneth Cisneros', 'debc9f41-7fe4-457a-a1ce-11283aec1b4c', 'Kenneth', 'Cisneros', 'df234305-8a47-4b4d-8efb-716a6b695428', 'kenneth.cisneros@example.com', 0, 0);
INSERT INTO `user` (`full_name`, `uuid`, `first_name`, `last_name`, `tenant_id`, `email`, `deleted`, `inactive`) VALUES ('Keith Dunn', '9d6401e2-467b-4156-975d-db0820f1ee73', 'Keith', 'Dunn', 'df234305-8a47-4b4d-8efb-716a6b695428', 'keith.dunn@example.com', 0, 0);
INSERT INTO `user` (`full_name`, `uuid`, `first_name`, `last_name`, `tenant_id`, `email`, `deleted`, `inactive`) VALUES ('Joan Giles', 'ed41993d-d6a0-4a26-8d58-d4feea7538a7', 'Joan', 'Giles', 'df234305-8a47-4b4d-8efb-716a6b695428', 'joan.giles@example.com', 0, 0);
INSERT INTO `user` (`full_name`, `uuid`, `first_name`, `last_name`, `tenant_id`, `email`, `deleted`, `inactive`) VALUES ('Katelyn Simmons PhD', '3f96be5d-9015-4e07-8247-301a0793e05c', 'Katelyn', 'Simmons PhD', 'df234305-8a47-4b4d-8efb-716a6b695428', 'katelyn.simmonsphd@example.com', 0, 0);
INSERT INTO `user` (`full_name`, `uuid`, `first_name`, `last_name`, `tenant_id`, `email`, `deleted`, `inactive`) VALUES ('Rebecca Green', 'fc79b8fd-652a-494d-9304-5011c60bc4f9', 'Rebecca', 'Green', 'df234305-8a47-4b4d-8efb-716a6b695428', 'rebecca.green@example.com', 0, 0);
INSERT INTO `user` (`full_name`, `uuid`, `first_name`, `last_name`, `tenant_id`, `email`, `deleted`, `inactive`) VALUES ('Lawrence Burns', '20b9c6e9-feb7-46f8-9b45-08a9dce0efab', 'Lawrence', 'Burns', 'df234305-8a47-4b4d-8efb-716a6b695428', 'lawrence.burns@example.com', 0, 0);
INSERT INTO `user` (`full_name`, `uuid`, `first_name`, `last_name`, `tenant_id`, `email`, `deleted`, `inactive`) VALUES ('Susan Garcia', 'c16b5d8a-8a71-43fa-ae42-359271f8e6df', 'Susan', 'Garcia', 'df234305-8a47-4b4d-8efb-716a6b695428', 'susan.garcia@example.com', 0, 0);
INSERT INTO `user` (`full_name`, `uuid`, `first_name`, `last_name`, `tenant_id`, `email`, `deleted`, `inactive`) VALUES ('Erik Landry', '5faca85f-78b1-4771-ba36-67b012c19751', 'Erik', 'Landry', 'df234305-8a47-4b4d-8efb-716a6b695428', 'erik.landry@example.com', 0, 0);
INSERT INTO `user` (`full_name`, `uuid`, `first_name`, `last_name`, `tenant_id`, `email`, `deleted`, `inactive`) VALUES ('Anthony Bernard', '09c042e9-08ac-4b3d-8c47-c076fb6b84a2', 'Anthony', 'Bernard', 'df234305-8a47-4b4d-8efb-716a6b695428', 'anthony.bernard@example.com', 0, 0);
INSERT INTO `user` (`full_name`, `uuid`, `first_name`, `last_name`, `tenant_id`, `email`, `deleted`, `inactive`) VALUES ('Todd Pruitt', '13180c77-ce54-484d-b63f-acc2e5075dc5', 'Todd', 'Pruitt', 'df234305-8a47-4b4d-8efb-716a6b695428', 'todd.pruitt@example.com', 0, 0);
INSERT INTO `user` (`full_name`, `uuid`, `first_name`, `last_name`, `tenant_id`, `email`, `deleted`, `inactive`) VALUES ('Jorge Moore', 'bcc61878-514b-4068-be4a-c46377d7e851', 'Jorge', 'Moore', 'df234305-8a47-4b4d-8efb-716a6b695428', 'jorge.moore@example.com', 0, 0);
INSERT INTO `user` (`full_name`, `uuid`, `first_name`, `last_name`, `tenant_id`, `email`, `deleted`, `inactive`) VALUES ('Clayton Nelson', '2d7283a5-4bed-4b28-8629-23984052ae95', 'Clayton', 'Nelson', 'df234305-8a47-4b4d-8efb-716a6b695428', 'clayton.nelson@example.com', 0, 0);
INSERT INTO `user` (`full_name`, `uuid`, `first_name`, `last_name`, `tenant_id`, `email`, `deleted`, `inactive`) VALUES ('Laura Massey', '0e24111e-4a38-48b7-8ce7-98573b0a0b92', 'Laura', 'Massey', 'df234305-8a47-4b4d-8efb-716a6b695428', 'laura.massey@example.com', 0, 0);
INSERT INTO `user` (`full_name`, `uuid`, `first_name`, `last_name`, `tenant_id`, `email`, `deleted`, `inactive`) VALUES ('Debbie Payne', '06f35d07-f9a5-4101-a507-5c9ae6ff2a0f', 'Debbie', 'Payne', 'df234305-8a47-4b4d-8efb-716a6b695428', 'debbie.payne@example.com', 0, 0);
INSERT INTO `user` (`full_name`, `uuid`, `first_name`, `last_name`, `tenant_id`, `email`, `deleted`, `inactive`) VALUES ('Walter Munoz', '5f14d5ff-f450-4190-b076-6c3de95aea52', 'Walter', 'Munoz', 'df234305-8a47-4b4d-8efb-716a6b695428', 'walter.munoz@example.com', 0, 0);
INSERT INTO `user` (`full_name`, `uuid`, `first_name`, `last_name`, `tenant_id`, `email`, `deleted`, `inactive`) VALUES ('Sean Perkins', '7215d2bd-30ce-4c00-ba76-e2af13770676', 'Sean', 'Perkins', 'df234305-8a47-4b4d-8efb-716a6b695428', 'sean.perkins@example.com', 0, 0);
INSERT INTO `user` (`full_name`, `uuid`, `first_name`, `last_name`, `tenant_id`, `email`, `deleted`, `inactive`) VALUES ('Robert Cook', 'a09ae28d-e295-47f7-88b3-eebe365e162b', 'Robert', 'Cook', 'df234305-8a47-4b4d-8efb-716a6b695428', 'robert.cook@example.com', 0, 0);
INSERT INTO `user` (`full_name`, `uuid`, `first_name`, `last_name`, `tenant_id`, `email`, `deleted`, `inactive`) VALUES ('Robert Holt', '27b6563f-6434-4861-9771-7770991e0789', 'Robert', 'Holt', 'df234305-8a47-4b4d-8efb-716a6b695428', 'robert.holt@example.com', 0, 0);
INSERT INTO `user` (`full_name`, `uuid`, `first_name`, `last_name`, `tenant_id`, `email`, `deleted`, `inactive`) VALUES ('Timothy Dixon', '41d08787-f761-4338-a44a-b684196f6d7c', 'Timothy', 'Dixon', 'df234305-8a47-4b4d-8efb-716a6b695428', 'timothy.dixon@example.com', 0, 0);
INSERT INTO `user` (`full_name`, `uuid`, `first_name`, `last_name`, `tenant_id`, `email`, `deleted`, `inactive`) VALUES ('John Barnes', '662dc541-fcd2-4cf3-a882-38fe0bfc6a70', 'John', 'Barnes', 'df234305-8a47-4b4d-8efb-716a6b695428', 'john.barnes@example.com', 0, 0);
INSERT INTO `user` (`full_name`, `uuid`, `first_name`, `last_name`, `tenant_id`, `email`, `deleted`, `inactive`) VALUES ('Rebecca Wiggins', '4ed1a269-cda3-455e-adb8-aefd51c4ad8d', 'Rebecca', 'Wiggins', 'df234305-8a47-4b4d-8efb-716a6b695428', 'rebecca.wiggins@example.com', 0, 0);
INSERT INTO `user` (`full_name`, `uuid`, `first_name`, `last_name`, `tenant_id`, `email`, `deleted`, `inactive`) VALUES ('Dustin Wilson', 'e5a22517-c158-42a4-a126-91b0b9736c98', 'Dustin', 'Wilson', 'df234305-8a47-4b4d-8efb-716a6b695428', 'dustin.wilson@example.com', 0, 0);
INSERT INTO `user` (`full_name`, `uuid`, `first_name`, `last_name`, `tenant_id`, `email`, `deleted`, `inactive`) VALUES ('Cynthia Butler', '481b8a10-2ab3-4c32-9578-802e62e056d1', 'Cynthia', 'Butler', 'df234305-8a47-4b4d-8efb-716a6b695428', 'cynthia.butler@example.com', 0, 0);
INSERT INTO `user` (`full_name`, `uuid`, `first_name`, `last_name`, `tenant_id`, `email`, `deleted`, `inactive`) VALUES ('Kathryn Jones', '4d99d0b6-91b4-43ae-88ff-d940df12b101', 'Kathryn', 'Jones', 'df234305-8a47-4b4d-8efb-716a6b695428', 'kathryn.jones@example.com', 0, 0);
INSERT INTO `user` (`full_name`, `uuid`, `first_name`, `last_name`, `tenant_id`, `email`, `deleted`, `inactive`) VALUES ('Manuel Roman', '0352f9dd-b448-4a1e-a434-4d5c3168e2cf', 'Manuel', 'Roman', 'df234305-8a47-4b4d-8efb-716a6b695428', 'manuel.roman@example.com', 0, 0);
INSERT INTO `user` (`full_name`, `uuid`, `first_name`, `last_name`, `tenant_id`, `email`, `deleted`, `inactive`) VALUES ('Kathryn Phillips', 'cb677d76-67e9-473b-a0ce-b0b2f44c183c', 'Kathryn', 'Phillips', 'df234305-8a47-4b4d-8efb-716a6b695428', 'kathryn.phillips@example.com', 0, 0);
INSERT INTO `user` (`full_name`, `uuid`, `first_name`, `last_name`, `tenant_id`, `email`, `deleted`, `inactive`) VALUES ('Shelly Marshall', '95aaef32-7567-458e-b02c-701f8e4dc102', 'Shelly', 'Marshall', 'df234305-8a47-4b4d-8efb-716a6b695428', 'shelly.marshall@example.com', 0, 0);
INSERT INTO `user` (`full_name`, `uuid`, `first_name`, `last_name`, `tenant_id`, `email`, `deleted`, `inactive`) VALUES ('Bonnie Sims', '3de7176b-5b7a-4cd0-a0bc-2617bf551cd1', 'Bonnie', 'Sims', 'df234305-8a47-4b4d-8efb-716a6b695428', 'bonnie.sims@example.com', 0, 0);
INSERT INTO `user` (`full_name`, `uuid`, `first_name`, `last_name`, `tenant_id`, `email`, `deleted`, `inactive`) VALUES ('Brandon Blackburn', '4ea9fdc9-15aa-4b56-a4d9-8505298d0c75', 'Brandon', 'Blackburn', 'df234305-8a47-4b4d-8efb-716a6b695428', 'brandon.blackburn@example.com', 0, 0);
INSERT INTO `user` (`full_name`, `uuid`, `first_name`, `last_name`, `tenant_id`, `email`, `deleted`, `inactive`) VALUES ('Angela Mayo', '43f21168-2bbb-4e4b-bfac-733e82b7833c', 'Angela', 'Mayo', 'df234305-8a47-4b4d-8efb-716a6b695428', 'angela.mayo@example.com', 0, 0);
INSERT INTO `user` (`full_name`, `uuid`, `first_name`, `last_name`, `tenant_id`, `email`, `deleted`, `inactive`) VALUES ('Marie Pitts', 'fe88edee-33f6-4857-9ec0-3309518a3caa', 'Marie', 'Pitts', 'df234305-8a47-4b4d-8efb-716a6b695428', 'marie.pitts@example.com', 0, 0);
INSERT INTO `user` (`full_name`, `uuid`, `first_name`, `last_name`, `tenant_id`, `email`, `deleted`, `inactive`) VALUES ('Dorothy Rubio', '884c5d6c-f29e-4050-8bfd-e0969cf0f601', 'Dorothy', 'Rubio', 'df234305-8a47-4b4d-8efb-716a6b695428', 'dorothy.rubio@example.com', 0, 0);
INSERT INTO `user` (`full_name`, `uuid`, `first_name`, `last_name`, `tenant_id`, `email`, `deleted`, `inactive`) VALUES ('Roy Mann', '5287411f-5a43-4caf-b48e-d0c669e7eecb', 'Roy', 'Mann', 'df234305-8a47-4b4d-8efb-716a6b695428', 'roy.mann@example.com', 0, 0);
INSERT INTO `user` (`full_name`, `uuid`, `first_name`, `last_name`, `tenant_id`, `email`, `deleted`, `inactive`) VALUES ('Jessica Hernandez', '7663a5fd-8809-4960-86e0-4b5e8c3fb786', 'Jessica', 'Hernandez', 'df234305-8a47-4b4d-8efb-716a6b695428', 'jessica.hernandez@example.com', 0, 0);
INSERT INTO `user` (`full_name`, `uuid`, `first_name`, `last_name`, `tenant_id`, `email`, `deleted`, `inactive`) VALUES ('Brandon Hernandez', '371e67c5-c130-4f68-8df0-3867f57c16cf', 'Brandon', 'Hernandez', 'df234305-8a47-4b4d-8efb-716a6b695428', 'brandon.hernandez@example.com', 0, 0);
INSERT INTO `user` (`full_name`, `uuid`, `first_name`, `last_name`, `tenant_id`, `email`, `deleted`, `inactive`) VALUES ('Kevin Tate', 'cd6e9073-886f-4961-8cda-d48cfa7c2459', 'Kevin', 'Tate', 'df234305-8a47-4b4d-8efb-716a6b695428', 'kevin.tate@example.com', 0, 0);
INSERT INTO `user` (`full_name`, `uuid`, `first_name`, `last_name`, `tenant_id`, `email`, `deleted`, `inactive`) VALUES ('Erica Moore', '7638b448-8fe0-4cf0-af36-84d58d38a5ae', 'Erica', 'Moore', 'df234305-8a47-4b4d-8efb-716a6b695428', 'erica.moore@example.com', 0, 0);
INSERT INTO `user` (`full_name`, `uuid`, `first_name`, `last_name`, `tenant_id`, `email`, `deleted`, `inactive`) VALUES ('Jennifer Gibson', '975926e2-53a7-4bd3-841f-a7f7b9144c1b', 'Jennifer', 'Gibson', 'df234305-8a47-4b4d-8efb-716a6b695428', 'jennifer.gibson@example.com', 0, 0);
INSERT INTO `user` (`full_name`, `uuid`, `first_name`, `last_name`, `tenant_id`, `email`, `deleted`, `inactive`) VALUES ('William Carney', '5f83c54c-2ba9-406f-bd28-8e357db4f931', 'William', 'Carney', 'df234305-8a47-4b4d-8efb-716a6b695428', 'william.carney@example.com', 0, 0);
INSERT INTO `user` (`full_name`, `uuid`, `first_name`, `last_name`, `tenant_id`, `email`, `deleted`, `inactive`) VALUES ('Jennifer Medina', '92180d98-cfae-4637-961d-61dd176d66c0', 'Jennifer', 'Medina', 'df234305-8a47-4b4d-8efb-716a6b695428', 'jennifer.medina@example.com', 0, 0);
INSERT INTO `user` (`full_name`, `uuid`, `first_name`, `last_name`, `tenant_id`, `email`, `deleted`, `inactive`) VALUES ('Aaron Vance', 'c4bafbc9-462e-4691-9e9e-776781a61a39', 'Aaron', 'Vance', 'df234305-8a47-4b4d-8efb-716a6b695428', 'aaron.vance@example.com', 0, 0);
INSERT INTO `user` (`full_name`, `uuid`, `first_name`, `last_name`, `tenant_id`, `email`, `deleted`, `inactive`) VALUES ('Kimberly White', '2d4c5d2f-bcec-4a31-ad52-181e38bb169a', 'Kimberly', 'White', 'df234305-8a47-4b4d-8efb-716a6b695428', 'kimberly.white@example.com', 0, 0);
INSERT INTO `user` (`full_name`, `uuid`, `first_name`, `last_name`, `tenant_id`, `email`, `deleted`, `inactive`) VALUES ('Brian Shannon', '7c97bbd0-095f-4c28-98ae-e873d056ae9d', 'Brian', 'Shannon', 'df234305-8a47-4b4d-8efb-716a6b695428', 'brian.shannon@example.com', 0, 0);
INSERT INTO `user` (`full_name`, `uuid`, `first_name`, `last_name`, `tenant_id`, `email`, `deleted`, `inactive`) VALUES ('Logan Webb', '04e058b8-7ca4-4034-a670-340f58f49ea8', 'Logan', 'Webb', 'df234305-8a47-4b4d-8efb-716a6b695428', 'logan.webb@example.com', 0, 0);
INSERT INTO `user` (`full_name`, `uuid`, `first_name`, `last_name`, `tenant_id`, `email`, `deleted`, `inactive`) VALUES ('Kimberly Jones', '1b7bdc4f-547c-4d7b-981a-bdef54bf6262', 'Kimberly', 'Jones', 'df234305-8a47-4b4d-8efb-716a6b695428', 'kimberly.jones@example.com', 0, 0);
INSERT INTO `user` (`full_name`, `uuid`, `first_name`, `last_name`, `tenant_id`, `email`, `deleted`, `inactive`) VALUES ('Mr. Joseph Sharp MD', 'd3c01887-ef5c-4915-afbd-b41840f40794', 'Mr.', 'Joseph Sharp MD', 'df234305-8a47-4b4d-8efb-716a6b695428', 'mr..josephsharpmd@example.com', 0, 0);
INSERT INTO `user` (`full_name`, `uuid`, `first_name`, `last_name`, `tenant_id`, `email`, `deleted`, `inactive`) VALUES ('Thomas Barnes', '01dd74b4-fa47-4c1e-bcdc-2fbf2a49e8d6', 'Thomas', 'Barnes', 'df234305-8a47-4b4d-8efb-716a6b695428', 'thomas.barnes@example.com', 0, 0);
INSERT INTO `user` (`full_name`, `uuid`, `first_name`, `last_name`, `tenant_id`, `email`, `deleted`, `inactive`) VALUES ('Glenn Mitchell', '33595f12-c28a-4d99-a7c0-b663bc1de882', 'Glenn', 'Mitchell', 'df234305-8a47-4b4d-8efb-716a6b695428', 'glenn.mitchell@example.com', 0, 0);
INSERT INTO `user` (`full_name`, `uuid`, `first_name`, `last_name`, `tenant_id`, `email`, `deleted`, `inactive`) VALUES ('Kimberly Peters', 'e9b9d121-e02d-4a01-b074-4b05855d652c', 'Kimberly', 'Peters', 'df234305-8a47-4b4d-8efb-716a6b695428', 'kimberly.peters@example.com', 0, 0);
INSERT INTO `user` (`full_name`, `uuid`, `first_name`, `last_name`, `tenant_id`, `email`, `deleted`, `inactive`) VALUES ('Michelle Bennett', '6694dfa1-9940-4844-ac17-64b831b98c67', 'Michelle', 'Bennett', 'df234305-8a47-4b4d-8efb-716a6b695428', 'michelle.bennett@example.com', 0, 0);
INSERT INTO `user` (`full_name`, `uuid`, `first_name`, `last_name`, `tenant_id`, `email`, `deleted`, `inactive`) VALUES ('Pamela Herrera', 'cc4a221e-cbc6-4e96-9df4-d4f57c57e90b', 'Pamela', 'Herrera', 'df234305-8a47-4b4d-8efb-716a6b695428', 'pamela.herrera@example.com', 0, 0);
INSERT INTO `user` (`full_name`, `uuid`, `first_name`, `last_name`, `tenant_id`, `email`, `deleted`, `inactive`) VALUES ('Michael Anderson', 'a3356a8d-7ec5-4949-8c1a-01bbe0f60e98', 'Michael', 'Anderson', 'df234305-8a47-4b4d-8efb-716a6b695428', 'michael.anderson@example.com', 0, 0);
INSERT INTO `user` (`full_name`, `uuid`, `first_name`, `last_name`, `tenant_id`, `email`, `deleted`, `inactive`) VALUES ('Ryan Freeman', 'a0cd7967-e800-4865-af82-718bb9688d8a', 'Ryan', 'Freeman', 'df234305-8a47-4b4d-8efb-716a6b695428', 'ryan.freeman@example.com', 0, 0);
INSERT INTO `user` (`full_name`, `uuid`, `first_name`, `last_name`, `tenant_id`, `email`, `deleted`, `inactive`) VALUES ('Tara Hernandez', 'a0f713d1-58c7-4767-a3d1-0ecd25acbe3c', 'Tara', 'Hernandez', 'df234305-8a47-4b4d-8efb-716a6b695428', 'tara.hernandez@example.com', 0, 0);
INSERT INTO `user` (`full_name`, `uuid`, `first_name`, `last_name`, `tenant_id`, `email`, `deleted`, `inactive`) VALUES ('Jamie Vazquez', '23a39f54-2a77-485f-a141-3acb1da0ff8c', 'Jamie', 'Vazquez', 'df234305-8a47-4b4d-8efb-716a6b695428', 'jamie.vazquez@example.com', 0, 0);
INSERT INTO `user` (`full_name`, `uuid`, `first_name`, `last_name`, `tenant_id`, `email`, `deleted`, `inactive`) VALUES ('Andrew Williams', 'e127a0ee-3550-4eb9-b4bd-ecc3b4336707', 'Andrew', 'Williams', 'df234305-8a47-4b4d-8efb-716a6b695428', 'andrew.williams@example.com', 0, 0);
INSERT INTO `user` (`full_name`, `uuid`, `first_name`, `last_name`, `tenant_id`, `email`, `deleted`, `inactive`) VALUES ('Lindsay Matthews', '788c3def-2b72-4b2c-a643-132af9c08481', 'Lindsay', 'Matthews', 'df234305-8a47-4b4d-8efb-716a6b695428', 'lindsay.matthews@example.com', 0, 0);
INSERT INTO `user` (`full_name`, `uuid`, `first_name`, `last_name`, `tenant_id`, `email`, `deleted`, `inactive`) VALUES ('Marissa Smith', '8f804fc7-229f-40a1-896d-d36c0743f885', 'Marissa', 'Smith', 'df234305-8a47-4b4d-8efb-716a6b695428', 'marissa.smith@example.com', 0, 0);
INSERT INTO `user` (`full_name`, `uuid`, `first_name`, `last_name`, `tenant_id`, `email`, `deleted`, `inactive`) VALUES ('Tyler Harris', 'f89d2ba7-ddf3-4868-887a-43cb7b109a65', 'Tyler', 'Harris', 'df234305-8a47-4b4d-8efb-716a6b695428', 'tyler.harris@example.com', 0, 0);
INSERT INTO `user` (`full_name`, `uuid`, `first_name`, `last_name`, `tenant_id`, `email`, `deleted`, `inactive`) VALUES ('Megan Ruiz', '99d04352-22f8-4868-96d3-3495ec25850a', 'Megan', 'Ruiz', 'df234305-8a47-4b4d-8efb-716a6b695428', 'megan.ruiz@example.com', 0, 0);
INSERT INTO `user` (`full_name`, `uuid`, `first_name`, `last_name`, `tenant_id`, `email`, `deleted`, `inactive`) VALUES ('Timothy Bryan', '16ea9fc5-70fb-4c6f-812c-dcf88e4e2f6b', 'Timothy', 'Bryan', 'df234305-8a47-4b4d-8efb-716a6b695428', 'timothy.bryan@example.com', 0, 0);
INSERT INTO `user` (`full_name`, `uuid`, `first_name`, `last_name`, `tenant_id`, `email`, `deleted`, `inactive`) VALUES ('Michelle Bautista', 'a825a924-9990-435a-92f6-d3ce0b572262', 'Michelle', 'Bautista', 'df234305-8a47-4b4d-8efb-716a6b695428', 'michelle.bautista@example.com', 0, 0);
INSERT INTO `user` (`full_name`, `uuid`, `first_name`, `last_name`, `tenant_id`, `email`, `deleted`, `inactive`) VALUES ('Joshua Arellano', 'dffc1a38-b67f-4093-bb95-6ec5c3f3ad0e', 'Joshua', 'Arellano', 'df234305-8a47-4b4d-8efb-716a6b695428', 'joshua.arellano@example.com', 0, 0);
INSERT INTO `user` (`full_name`, `uuid`, `first_name`, `last_name`, `tenant_id`, `email`, `deleted`, `inactive`) VALUES ('Abigail Downs', '0018e764-5de8-4745-9061-3bb476002a70', 'Abigail', 'Downs', 'df234305-8a47-4b4d-8efb-716a6b695428', 'abigail.downs@example.com', 0, 0);
INSERT INTO `user` (`full_name`, `uuid`, `first_name`, `last_name`, `tenant_id`, `email`, `deleted`, `inactive`) VALUES ('David Owens', '97d3fa41-c197-49d8-a589-9cbf681ea2df', 'David', 'Owens', 'df234305-8a47-4b4d-8efb-716a6b695428', 'david.owens@example.com', 0, 0);
INSERT INTO `user` (`full_name`, `uuid`, `first_name`, `last_name`, `tenant_id`, `email`, `deleted`, `inactive`) VALUES ('Roberto Perkins', '791a02b7-4d9a-42df-b28f-6ce66e7b86b3', 'Roberto', 'Perkins', 'df234305-8a47-4b4d-8efb-716a6b695428', 'roberto.perkins@example.com', 0, 0);
INSERT INTO `user` (`full_name`, `uuid`, `first_name`, `last_name`, `tenant_id`, `email`, `deleted`, `inactive`) VALUES ('Melinda Gutierrez', '7999dcef-efbd-44a3-9f55-3996dda5b6a7', 'Melinda', 'Gutierrez', 'df234305-8a47-4b4d-8efb-716a6b695428', 'melinda.gutierrez@example.com', 0, 0);
INSERT INTO `user` (`full_name`, `uuid`, `first_name`, `last_name`, `tenant_id`, `email`, `deleted`, `inactive`) VALUES ('Lauren Gibson', '9ec63caf-7708-4a50-b6dc-00ad45339906', 'Lauren', 'Gibson', 'df234305-8a47-4b4d-8efb-716a6b695428', 'lauren.gibson@example.com', 0, 0);
INSERT INTO `client` (`uuid`, `tenant_id`, `client_name`, `client_code`, `is_active`) VALUES ('7b07550f-44ae-48c1-b79f-e257789cbebf', 'df234305-8a47-4b4d-8efb-716a6b695428', 'Sims Group', 1001, 1);
INSERT INTO `department` (`uuid`, `tenant_id`, `client_id`, `department`) VALUES ('ea94014a-74da-4aae-b7d3-fb26ee672bcf', 'df234305-8a47-4b4d-8efb-716a6b695428', '7b07550f-44ae-48c1-b79f-e257789cbebf', 'Biomedical');
INSERT INTO `client_division` (`id`, `division_name`, `tenant_id`, `client_id`, `is_active`) VALUES ('6a50e5ca-72bf-4bbc-a7a0-4a98c7243f9c', 'Sustainability', 'df234305-8a47-4b4d-8efb-716a6b695428', '7b07550f-44ae-48c1-b79f-e257789cbebf', 1);
INSERT INTO `client_division` (`id`, `division_name`, `tenant_id`, `client_id`, `is_active`) VALUES ('672bc617-f693-46c4-897e-f4665c9eff46', 'Tech Enablement', 'df234305-8a47-4b4d-8efb-716a6b695428', '7b07550f-44ae-48c1-b79f-e257789cbebf', 1);
INSERT INTO `client` (`uuid`, `tenant_id`, `client_name`, `client_code`, `is_active`) VALUES ('48b8dd28-ae08-492d-ad97-5cd6c0ff5e00', 'df234305-8a47-4b4d-8efb-716a6b695428', 'Perkins, Miller and Marquez', 1003, 1);
INSERT INTO `department` (`uuid`, `tenant_id`, `client_id`, `department`) VALUES ('666bc728-1945-4481-87f4-0b8f888a00bc', 'df234305-8a47-4b4d-8efb-716a6b695428', '48b8dd28-ae08-492d-ad97-5cd6c0ff5e00', 'Desert Tech Research');
INSERT INTO `client_division` (`id`, `division_name`, `tenant_id`, `client_id`, `is_active`) VALUES ('7932a7ae-cbbf-4351-83e7-3b011d1426c4', 'R&D', 'df234305-8a47-4b4d-8efb-716a6b695428', '48b8dd28-ae08-492d-ad97-5cd6c0ff5e00', 1);
INSERT INTO `client` (`uuid`, `tenant_id`, `client_name`, `client_code`, `is_active`) VALUES ('b36ff82b-0b5b-4363-b2a6-0f953cf8a690', 'df234305-8a47-4b4d-8efb-716a6b695428', 'Patton-Daniels', 1005, 1);
INSERT INTO `department` (`uuid`, `tenant_id`, `client_id`, `department`) VALUES ('1a81edce-fed8-4639-90f7-7a0092cbe1df', 'df234305-8a47-4b4d-8efb-716a6b695428', 'b36ff82b-0b5b-4363-b2a6-0f953cf8a690', 'Robotics');
INSERT INTO `department` (`uuid`, `tenant_id`, `client_id`, `department`) VALUES ('f55d2491-5c5f-4792-a02c-99f6a2965cab', 'df234305-8a47-4b4d-8efb-716a6b695428', 'b36ff82b-0b5b-4363-b2a6-0f953cf8a690', 'Control Systems');
INSERT INTO `client_division` (`id`, `division_name`, `tenant_id`, `client_id`, `is_active`) VALUES ('bcfa200d-5dad-44b8-b21c-95b8c2b3f98b', 'Tech Enablement', 'df234305-8a47-4b4d-8efb-716a6b695428', 'b36ff82b-0b5b-4363-b2a6-0f953cf8a690', 1);
INSERT INTO `client_division` (`id`, `division_name`, `tenant_id`, `client_id`, `is_active`) VALUES ('2cebac38-69c8-48e5-a16c-6cb4556d7c66', 'Digital Transformation', 'df234305-8a47-4b4d-8efb-716a6b695428', 'b36ff82b-0b5b-4363-b2a6-0f953cf8a690', 1);
INSERT INTO `client_division` (`id`, `division_name`, `tenant_id`, `client_id`, `is_active`) VALUES ('979ef18a-a5de-4005-b674-9fb500d9b8c0', 'Product Dev', 'df234305-8a47-4b4d-8efb-716a6b695428', 'b36ff82b-0b5b-4363-b2a6-0f953cf8a690', 1);
INSERT INTO `client` (`uuid`, `tenant_id`, `client_name`, `client_code`, `is_active`) VALUES ('473eab9b-2541-4a74-8be2-57cd7352565b', 'df234305-8a47-4b4d-8efb-716a6b695428', 'Hernandez-Henson', 1007, 1);
INSERT INTO `department` (`uuid`, `tenant_id`, `client_id`, `department`) VALUES ('a1f638a6-e7c9-4fc3-8b83-01681938e8ee', 'df234305-8a47-4b4d-8efb-716a6b695428', '473eab9b-2541-4a74-8be2-57cd7352565b', 'Desert Tech Research');
INSERT INTO `client_division` (`id`, `division_name`, `tenant_id`, `client_id`, `is_active`) VALUES ('612252a5-cdbf-4fcc-a02b-4683458805cd', 'Core Tech', 'df234305-8a47-4b4d-8efb-716a6b695428', '473eab9b-2541-4a74-8be2-57cd7352565b', 1);
INSERT INTO `client` (`uuid`, `tenant_id`, `client_name`, `client_code`, `is_active`) VALUES ('1430fb05-a104-4ffa-b3ab-a7fa4233e036', 'df234305-8a47-4b4d-8efb-716a6b695428', 'Luna-Lopez', 1009, 1);
INSERT INTO `department` (`uuid`, `tenant_id`, `client_id`, `department`) VALUES ('39dc5616-3ceb-4cfa-9a17-491dfaac3280', 'df234305-8a47-4b4d-8efb-716a6b695428', '1430fb05-a104-4ffa-b3ab-a7fa4233e036', 'APAC Regulatory');
INSERT INTO `client_division` (`id`, `division_name`, `tenant_id`, `client_id`, `is_active`) VALUES ('e00719e4-c220-4c46-89be-19e264e09828', 'Global Solutions', 'df234305-8a47-4b4d-8efb-716a6b695428', '1430fb05-a104-4ffa-b3ab-a7fa4233e036', 1);
INSERT INTO `client_division` (`id`, `division_name`, `tenant_id`, `client_id`, `is_active`) VALUES ('73e67e77-9b22-447d-8b56-869cc8081b9f', 'Renewable Energy', 'df234305-8a47-4b4d-8efb-716a6b695428', '1430fb05-a104-4ffa-b3ab-a7fa4233e036', 1);
INSERT INTO `client` (`uuid`, `tenant_id`, `client_name`, `client_code`, `is_active`) VALUES ('9c17e0c1-9d12-416d-bd39-974f407000a7', 'df234305-8a47-4b4d-8efb-716a6b695428', 'Jones-Dickerson', 1011, 1);
INSERT INTO `department` (`uuid`, `tenant_id`, `client_id`, `department`) VALUES ('5d3867ce-c88f-4729-9043-d061cb159858', 'df234305-8a47-4b4d-8efb-716a6b695428', '9c17e0c1-9d12-416d-bd39-974f407000a7', 'APAC Regulatory');
INSERT INTO `client_division` (`id`, `division_name`, `tenant_id`, `client_id`, `is_active`) VALUES ('b00303e4-784c-4ab6-bf1c-281689019017', 'ASEAN R&D', 'df234305-8a47-4b4d-8efb-716a6b695428', '9c17e0c1-9d12-416d-bd39-974f407000a7', 1);
INSERT INTO `client` (`uuid`, `tenant_id`, `client_name`, `client_code`, `is_active`) VALUES ('0339e057-7e4e-4c39-a01a-d9b79180d557', 'df234305-8a47-4b4d-8efb-716a6b695428', 'Vargas-Boyer', 1013, 1);
INSERT INTO `department` (`uuid`, `tenant_id`, `client_id`, `department`) VALUES ('c22a50cd-50e3-4d51-992b-a843c385b03e', 'df234305-8a47-4b4d-8efb-716a6b695428', '0339e057-7e4e-4c39-a01a-d9b79180d557', 'UK AI Center');
INSERT INTO `client_division` (`id`, `division_name`, `tenant_id`, `client_id`, `is_active`) VALUES ('1e39e101-d139-4397-bea8-12a42e6eb9db', 'R&D', 'df234305-8a47-4b4d-8efb-716a6b695428', '0339e057-7e4e-4c39-a01a-d9b79180d557', 1);
INSERT INTO `client` (`uuid`, `tenant_id`, `client_name`, `client_code`, `is_active`) VALUES ('42a5c905-1f04-4583-b39b-a0487b7dc8d6', 'df234305-8a47-4b4d-8efb-716a6b695428', 'Lambert-Perez', 1015, 1);
INSERT INTO `department` (`uuid`, `tenant_id`, `client_id`, `department`) VALUES ('61726d8f-2e9e-4c1a-98f6-376de70347f0', 'df234305-8a47-4b4d-8efb-716a6b695428', '42a5c905-1f04-4583-b39b-a0487b7dc8d6', 'Aerospace');
INSERT INTO `client_division` (`id`, `division_name`, `tenant_id`, `client_id`, `is_active`) VALUES ('c364da34-e4b4-4e4e-a625-4c46b64eb169', 'EU Compliance', 'df234305-8a47-4b4d-8efb-716a6b695428', '42a5c905-1f04-4583-b39b-a0487b7dc8d6', 1);
INSERT INTO `client` (`uuid`, `tenant_id`, `client_name`, `client_code`, `is_active`) VALUES ('a7f12653-40c8-44ba-a180-a0958a4ba101', 'df234305-8a47-4b4d-8efb-716a6b695428', 'Green, Hernandez and Hancock', 1017, 1);
INSERT INTO `department` (`uuid`, `tenant_id`, `client_id`, `department`) VALUES ('26b88d5d-7c03-4f29-83d6-a42ca19e7809', 'df234305-8a47-4b4d-8efb-716a6b695428', 'a7f12653-40c8-44ba-a180-a0958a4ba101', 'Quantum Computing');
INSERT INTO `client_division` (`id`, `division_name`, `tenant_id`, `client_id`, `is_active`) VALUES ('21e972a2-d0a2-46dc-b5df-d32013bdfbbf', 'Platform Engineering', 'df234305-8a47-4b4d-8efb-716a6b695428', 'a7f12653-40c8-44ba-a180-a0958a4ba101', 1);
INSERT INTO `client` (`uuid`, `tenant_id`, `client_name`, `client_code`, `is_active`) VALUES ('2684d743-e146-4145-96b0-0fdb50b581fd', 'df234305-8a47-4b4d-8efb-716a6b695428', 'Edwards LLC', 1019, 1);
INSERT INTO `department` (`uuid`, `tenant_id`, `client_id`, `department`) VALUES ('c27b5740-7837-40cb-80f1-ed7b76a074a3', 'df234305-8a47-4b4d-8efb-716a6b695428', '2684d743-e146-4145-96b0-0fdb50b581fd', 'Civil Systems');
INSERT INTO `client_division` (`id`, `division_name`, `tenant_id`, `client_id`, `is_active`) VALUES ('ffe0da11-a308-4dc0-91dc-cffb3b1b4da3', 'Tech Enablement', 'df234305-8a47-4b4d-8efb-716a6b695428', '2684d743-e146-4145-96b0-0fdb50b581fd', 1);
INSERT INTO `client` (`uuid`, `tenant_id`, `client_name`, `client_code`, `is_active`) VALUES ('aa00d9c3-e9ae-43b9-a0b1-d22e39ce6ca5', 'df234305-8a47-4b4d-8efb-716a6b695428', 'Dyer Group', 1021, 1);
INSERT INTO `department` (`uuid`, `tenant_id`, `client_id`, `department`) VALUES ('7044fb0b-b238-48ab-a8b2-661304907f8d', 'df234305-8a47-4b4d-8efb-716a6b695428', 'aa00d9c3-e9ae-43b9-a0b1-d22e39ce6ca5', 'Control Systems');
INSERT INTO `client_division` (`id`, `division_name`, `tenant_id`, `client_id`, `is_active`) VALUES ('e8925a28-b06e-46fb-b9f7-2c049f04bafe', 'Engineering', 'df234305-8a47-4b4d-8efb-716a6b695428', 'aa00d9c3-e9ae-43b9-a0b1-d22e39ce6ca5', 1);
INSERT INTO `client` (`uuid`, `tenant_id`, `client_name`, `client_code`, `is_active`) VALUES ('186fd79b-fef3-4eca-b86b-3a173ade43cc', 'df234305-8a47-4b4d-8efb-716a6b695428', 'Jarvis, Stewart and Hoffman', 1023, 1);
INSERT INTO `department` (`uuid`, `tenant_id`, `client_id`, `department`) VALUES ('dfc650a7-4272-47ff-98dc-79eadeb611c4', 'df234305-8a47-4b4d-8efb-716a6b695428', '186fd79b-fef3-4eca-b86b-3a173ade43cc', 'Data Science');
INSERT INTO `client_division` (`id`, `division_name`, `tenant_id`, `client_id`, `is_active`) VALUES ('523ed92a-3f65-48df-8904-f60aaa831618', 'Platform Engineering', 'df234305-8a47-4b4d-8efb-716a6b695428', '186fd79b-fef3-4eca-b86b-3a173ade43cc', 1);
INSERT INTO `client_division` (`id`, `division_name`, `tenant_id`, `client_id`, `is_active`) VALUES ('4bcfe365-27fa-4dd6-ba76-e989da7a7a9f', 'Engineering', 'df234305-8a47-4b4d-8efb-716a6b695428', '186fd79b-fef3-4eca-b86b-3a173ade43cc', 1);
INSERT INTO `client_division` (`id`, `division_name`, `tenant_id`, `client_id`, `is_active`) VALUES ('7dcdf683-aba4-449a-8862-cf4f5c46f640', 'Electric Vehicle Tech', 'df234305-8a47-4b4d-8efb-716a6b695428', '186fd79b-fef3-4eca-b86b-3a173ade43cc', 1);
INSERT INTO `client` (`uuid`, `tenant_id`, `client_name`, `client_code`, `is_active`) VALUES ('29e7e202-861d-4442-88cd-4a18d887aafa', 'df234305-8a47-4b4d-8efb-716a6b695428', 'Brown-Shaffer', 1025, 1);
INSERT INTO `department` (`uuid`, `tenant_id`, `client_id`, `department`) VALUES ('61ab0583-37b4-4675-9ca5-931e74a6e25f', 'df234305-8a47-4b4d-8efb-716a6b695428', '29e7e202-861d-4442-88cd-4a18d887aafa', 'Data Science');
INSERT INTO `client_division` (`id`, `division_name`, `tenant_id`, `client_id`, `is_active`) VALUES ('6cde39fa-462c-46b1-aa56-f13c1e3b88dd', 'Blockchain Integration', 'df234305-8a47-4b4d-8efb-716a6b695428', '29e7e202-861d-4442-88cd-4a18d887aafa', 1);
INSERT INTO `client` (`uuid`, `tenant_id`, `client_name`, `client_code`, `is_active`) VALUES ('c0025c65-4f8f-4ac8-a717-2be091a6f460', 'df234305-8a47-4b4d-8efb-716a6b695428', 'Graves, Shaw and Jones', 1027, 1);
INSERT INTO `department` (`uuid`, `tenant_id`, `client_id`, `department`) VALUES ('9005911a-e8b0-4211-b1f3-8c779a8a6cb3', 'df234305-8a47-4b4d-8efb-716a6b695428', 'c0025c65-4f8f-4ac8-a717-2be091a6f460', 'Fintech Innovation');
INSERT INTO `client_division` (`id`, `division_name`, `tenant_id`, `client_id`, `is_active`) VALUES ('efc3a443-e632-43df-a1a4-10a0587c32b1', 'Sustainability', 'df234305-8a47-4b4d-8efb-716a6b695428', 'c0025c65-4f8f-4ac8-a717-2be091a6f460', 1);
INSERT INTO `client` (`uuid`, `tenant_id`, `client_name`, `client_code`, `is_active`) VALUES ('491e6ecf-76ed-43fa-8b6b-4251bfa2fcd8', 'df234305-8a47-4b4d-8efb-716a6b695428', 'Daniels-Clark', 1029, 1);
INSERT INTO `department` (`uuid`, `tenant_id`, `client_id`, `department`) VALUES ('802bc094-b000-46ea-8713-edb33e8f52b6', 'df234305-8a47-4b4d-8efb-716a6b695428', '491e6ecf-76ed-43fa-8b6b-4251bfa2fcd8', 'APAC Regulatory');
INSERT INTO `client_division` (`id`, `division_name`, `tenant_id`, `client_id`, `is_active`) VALUES ('0f26dfe8-f896-4dad-abb7-7369ce7f49fd', 'Clinical Research', 'df234305-8a47-4b4d-8efb-716a6b695428', '491e6ecf-76ed-43fa-8b6b-4251bfa2fcd8', 1);
INSERT INTO `client` (`uuid`, `tenant_id`, `client_name`, `client_code`, `is_active`) VALUES ('30e9c59c-5407-4e11-8c34-c19ee95446ba', 'df234305-8a47-4b4d-8efb-716a6b695428', 'Benson-Bartlett', 1031, 1);
INSERT INTO `department` (`uuid`, `tenant_id`, `client_id`, `department`) VALUES ('be7be1ba-44da-41e5-bb13-3d317be24260', 'df234305-8a47-4b4d-8efb-716a6b695428', '30e9c59c-5407-4e11-8c34-c19ee95446ba', 'AI Solutions');
INSERT INTO `client_division` (`id`, `division_name`, `tenant_id`, `client_id`, `is_active`) VALUES ('15a388cd-a914-4066-bcdc-9c9cd6277c9b', 'US Patent Unit', 'df234305-8a47-4b4d-8efb-716a6b695428', '30e9c59c-5407-4e11-8c34-c19ee95446ba', 1);
INSERT INTO `client` (`uuid`, `tenant_id`, `client_name`, `client_code`, `is_active`) VALUES ('afab5b91-8d56-47f6-89e5-6aa6656299cf', 'df234305-8a47-4b4d-8efb-716a6b695428', 'Perez, Wagner and Hughes', 1033, 1);
INSERT INTO `department` (`uuid`, `tenant_id`, `client_id`, `department`) VALUES ('d405072b-02a1-40de-8b80-75d7f6af64c5', 'df234305-8a47-4b4d-8efb-716a6b695428', 'afab5b91-8d56-47f6-89e5-6aa6656299cf', 'Software Architecture');
INSERT INTO `client_division` (`id`, `division_name`, `tenant_id`, `client_id`, `is_active`) VALUES ('be2da419-8454-43c9-88e3-b43bda00d55e', 'Digital Transformation', 'df234305-8a47-4b4d-8efb-716a6b695428', 'afab5b91-8d56-47f6-89e5-6aa6656299cf', 1);
INSERT INTO `client` (`uuid`, `tenant_id`, `client_name`, `client_code`, `is_active`) VALUES ('e9d23d6d-9e95-48a3-bf6d-21746be0d8a5', 'df234305-8a47-4b4d-8efb-716a6b695428', 'Obrien-Stone', 1035, 1);
INSERT INTO `department` (`uuid`, `tenant_id`, `client_id`, `department`) VALUES ('ba4536ae-7072-4a38-bc8a-42617d6f91bf', 'df234305-8a47-4b4d-8efb-716a6b695428', 'e9d23d6d-9e95-48a3-bf6d-21746be0d8a5', 'Robotics');
INSERT INTO `client_division` (`id`, `division_name`, `tenant_id`, `client_id`, `is_active`) VALUES ('ff3dfae6-88d2-48c0-a212-28d8f6275a2d', 'Core Tech', 'df234305-8a47-4b4d-8efb-716a6b695428', 'e9d23d6d-9e95-48a3-bf6d-21746be0d8a5', 1);
INSERT INTO `client_division` (`id`, `division_name`, `tenant_id`, `client_id`, `is_active`) VALUES ('18b9d8a6-3af2-4f84-b212-868a38db55a7', 'Product Dev', 'df234305-8a47-4b4d-8efb-716a6b695428', 'e9d23d6d-9e95-48a3-bf6d-21746be0d8a5', 1);
INSERT INTO `client` (`uuid`, `tenant_id`, `client_name`, `client_code`, `is_active`) VALUES ('4d14d3e7-2bec-4847-9020-12203436f745', 'df234305-8a47-4b4d-8efb-716a6b695428', 'Cruz Ltd', 1037, 1);
INSERT INTO `department` (`uuid`, `tenant_id`, `client_id`, `department`) VALUES ('ca2bec6e-3a60-4e7f-8a9c-eb974508b757', 'df234305-8a47-4b4d-8efb-716a6b695428', '4d14d3e7-2bec-4847-9020-12203436f745', 'Civil Systems');
INSERT INTO `client_division` (`id`, `division_name`, `tenant_id`, `client_id`, `is_active`) VALUES ('32dacc7e-d752-40ab-b360-932d2c256a3e', 'US Patent Unit', 'df234305-8a47-4b4d-8efb-716a6b695428', '4d14d3e7-2bec-4847-9020-12203436f745', 1);
INSERT INTO `client` (`uuid`, `tenant_id`, `client_name`, `client_code`, `is_active`) VALUES ('2f262fac-0fbb-4821-beb3-680285a88203', 'df234305-8a47-4b4d-8efb-716a6b695428', 'Owens-Dunn', 1039, 1);
INSERT INTO `department` (`uuid`, `tenant_id`, `client_id`, `department`) VALUES ('bf50e6da-fdbd-42d9-97bb-7f3829e2cc44', 'df234305-8a47-4b4d-8efb-716a6b695428', '2f262fac-0fbb-4821-beb3-680285a88203', 'Green Energy');
INSERT INTO `client_division` (`id`, `division_name`, `tenant_id`, `client_id`, `is_active`) VALUES ('51faad95-68e8-4481-9cff-d04acc95637c', 'ASEAN R&D', 'df234305-8a47-4b4d-8efb-716a6b695428', '2f262fac-0fbb-4821-beb3-680285a88203', 1);
INSERT INTO `client` (`uuid`, `tenant_id`, `client_name`, `client_code`, `is_active`) VALUES ('35b5f32b-f33e-40ff-8130-be22a80e6f79', 'df234305-8a47-4b4d-8efb-716a6b695428', 'Johnson-Cruz', 1041, 1);
INSERT INTO `department` (`uuid`, `tenant_id`, `client_id`, `department`) VALUES ('ce6c3053-a4a5-4ea4-9b35-defc2dbea02c', 'df234305-8a47-4b4d-8efb-716a6b695428', '35b5f32b-f33e-40ff-8130-be22a80e6f79', 'Aerospace');
INSERT INTO `client_division` (`id`, `division_name`, `tenant_id`, `client_id`, `is_active`) VALUES ('fa00e15d-1272-4d8d-b768-719d07667b2e', 'ASEAN R&D', 'df234305-8a47-4b4d-8efb-716a6b695428', '35b5f32b-f33e-40ff-8130-be22a80e6f79', 1);
INSERT INTO `client_division` (`id`, `division_name`, `tenant_id`, `client_id`, `is_active`) VALUES ('0ebe052f-92cf-4cd0-88fe-ccb6edad54ba', 'Smart Devices', 'df234305-8a47-4b4d-8efb-716a6b695428', '35b5f32b-f33e-40ff-8130-be22a80e6f79', 1);
INSERT INTO `client_division` (`id`, `division_name`, `tenant_id`, `client_id`, `is_active`) VALUES ('41881a9b-5ca9-4813-8ceb-b018b0940a05', 'Cloud Infrastructure', 'df234305-8a47-4b4d-8efb-716a6b695428', '35b5f32b-f33e-40ff-8130-be22a80e6f79', 1);
INSERT INTO `client` (`uuid`, `tenant_id`, `client_name`, `client_code`, `is_active`) VALUES ('de2b741c-7b3d-4aad-be8f-d8e6d865fd45', 'df234305-8a47-4b4d-8efb-716a6b695428', 'Parsons, Fowler and Edwards', 1043, 1);
INSERT INTO `department` (`uuid`, `tenant_id`, `client_id`, `department`) VALUES ('5e79b92a-2fdc-4b0c-974d-c1346c21d726', 'df234305-8a47-4b4d-8efb-716a6b695428', 'de2b741c-7b3d-4aad-be8f-d8e6d865fd45', 'Carbon Management');
INSERT INTO `client_division` (`id`, `division_name`, `tenant_id`, `client_id`, `is_active`) VALUES ('436de187-8b05-4f47-9354-1fbf31f084e6', 'Tech Enablement', 'df234305-8a47-4b4d-8efb-716a6b695428', 'de2b741c-7b3d-4aad-be8f-d8e6d865fd45', 1);
INSERT INTO `client` (`uuid`, `tenant_id`, `client_name`, `client_code`, `is_active`) VALUES ('db0de584-7a8c-4f20-937e-6778fa01b67f', 'df234305-8a47-4b4d-8efb-716a6b695428', 'Kane, West and Hamilton', 1045, 1);
INSERT INTO `department` (`uuid`, `tenant_id`, `client_id`, `department`) VALUES ('326d3b5a-579e-4f27-95e7-4566c9f18d99', 'df234305-8a47-4b4d-8efb-716a6b695428', 'db0de584-7a8c-4f20-937e-6778fa01b67f', 'Robotics');
INSERT INTO `client_division` (`id`, `division_name`, `tenant_id`, `client_id`, `is_active`) VALUES ('e0da5520-2b42-4aaf-8a2b-357e8438c431', 'Product Dev', 'df234305-8a47-4b4d-8efb-716a6b695428', 'db0de584-7a8c-4f20-937e-6778fa01b67f', 1);
INSERT INTO `client_division` (`id`, `division_name`, `tenant_id`, `client_id`, `is_active`) VALUES ('6da12a73-0c67-4925-b682-b60c944c7a6a', 'Customer Experience', 'df234305-8a47-4b4d-8efb-716a6b695428', 'db0de584-7a8c-4f20-937e-6778fa01b67f', 1);
INSERT INTO `client` (`uuid`, `tenant_id`, `client_name`, `client_code`, `is_active`) VALUES ('354319b0-6ea8-4d96-9ab2-cec0e79800d9', 'df234305-8a47-4b4d-8efb-716a6b695428', 'Pena and Sons', 1047, 1);
INSERT INTO `department` (`uuid`, `tenant_id`, `client_id`, `department`) VALUES ('a980a09e-439e-4e74-ac0e-4bf6913b55e8', 'df234305-8a47-4b4d-8efb-716a6b695428', '354319b0-6ea8-4d96-9ab2-cec0e79800d9', 'Aerospace');
INSERT INTO `client_division` (`id`, `division_name`, `tenant_id`, `client_id`, `is_active`) VALUES ('aa0be908-fe28-4e06-b266-4c7857f0e448', 'Product Dev', 'df234305-8a47-4b4d-8efb-716a6b695428', '354319b0-6ea8-4d96-9ab2-cec0e79800d9', 1);
INSERT INTO `client` (`uuid`, `tenant_id`, `client_name`, `client_code`, `is_active`) VALUES ('cfb4e7c6-c929-4220-b664-27ef579979eb', 'df234305-8a47-4b4d-8efb-716a6b695428', 'Jackson-Ward', 1049, 1);
INSERT INTO `department` (`uuid`, `tenant_id`, `client_id`, `department`) VALUES ('03bd3e4b-b916-4c25-b98d-09a904e04303', 'df234305-8a47-4b4d-8efb-716a6b695428', 'cfb4e7c6-c929-4220-b664-27ef579979eb', 'Control Systems');
INSERT INTO `client_division` (`id`, `division_name`, `tenant_id`, `client_id`, `is_active`) VALUES ('0f7347a0-5be9-4e81-bf6f-6f815c635ecd', 'Electric Vehicle Tech', 'df234305-8a47-4b4d-8efb-716a6b695428', 'cfb4e7c6-c929-4220-b664-27ef579979eb', 1);
INSERT INTO `client` (`uuid`, `tenant_id`, `client_name`, `client_code`, `is_active`) VALUES ('8b16c75c-fc5c-41ff-9837-8961ce9a6c8f', 'df234305-8a47-4b4d-8efb-716a6b695428', 'Dean, Shepherd and Dillon', 1051, 1);
INSERT INTO `department` (`uuid`, `tenant_id`, `client_id`, `department`) VALUES ('bb4801ca-a3d8-47d8-baa2-5e065bd292a4', 'df234305-8a47-4b4d-8efb-716a6b695428', '8b16c75c-fc5c-41ff-9837-8961ce9a6c8f', 'Quantum Computing');
INSERT INTO `client_division` (`id`, `division_name`, `tenant_id`, `client_id`, `is_active`) VALUES ('9dc5d79c-f6b5-4de4-8836-e54c35d4c5eb', 'Core Tech', 'df234305-8a47-4b4d-8efb-716a6b695428', '8b16c75c-fc5c-41ff-9837-8961ce9a6c8f', 1);
INSERT INTO `client` (`uuid`, `tenant_id`, `client_name`, `client_code`, `is_active`) VALUES ('d6e381ae-4148-492f-8910-bbd21bb621a9', 'df234305-8a47-4b4d-8efb-716a6b695428', 'Nichols and Sons', 1053, 1);
INSERT INTO `department` (`uuid`, `tenant_id`, `client_id`, `department`) VALUES ('306265ba-309f-4873-bde6-c1f9e9e0b8e0', 'df234305-8a47-4b4d-8efb-716a6b695428', 'd6e381ae-4148-492f-8910-bbd21bb621a9', 'Fintech Innovation');
INSERT INTO `client_division` (`id`, `division_name`, `tenant_id`, `client_id`, `is_active`) VALUES ('e6939695-9e74-42db-bc58-67f99ad44e32', 'Digital Transformation', 'df234305-8a47-4b4d-8efb-716a6b695428', 'd6e381ae-4148-492f-8910-bbd21bb621a9', 1);
INSERT INTO `client_division` (`id`, `division_name`, `tenant_id`, `client_id`, `is_active`) VALUES ('73caaa2b-3b96-4766-979e-99a89a5dcdd8', 'IP Strategy', 'df234305-8a47-4b4d-8efb-716a6b695428', 'd6e381ae-4148-492f-8910-bbd21bb621a9', 1);
INSERT INTO `client` (`uuid`, `tenant_id`, `client_name`, `client_code`, `is_active`) VALUES ('b1a71351-b801-4361-ad04-db4c9ee5245f', 'df234305-8a47-4b4d-8efb-716a6b695428', 'Higgins Group', 1055, 1);
INSERT INTO `department` (`uuid`, `tenant_id`, `client_id`, `department`) VALUES ('3280783f-3efa-418d-9de4-ab68a9b2e4c3', 'df234305-8a47-4b4d-8efb-716a6b695428', 'b1a71351-b801-4361-ad04-db4c9ee5245f', 'UK AI Center');
INSERT INTO `client_division` (`id`, `division_name`, `tenant_id`, `client_id`, `is_active`) VALUES ('678773bb-0d07-4f66-b6b9-a692b7e1be28', 'Digital Transformation', 'df234305-8a47-4b4d-8efb-716a6b695428', 'b1a71351-b801-4361-ad04-db4c9ee5245f', 1);